N,P,K,ph,crop
76,23,44,6.91,wheat
55,32,35,6.2,wheat
56,32,45,5.92,wheat
71,40,44,6.15,wheat
70,38,39,6.09,rice
90,46,42,7.3,rice
52,29,34,6.2,wheat
77,23,35,6.39,wheat
51,28,35,6.39,wheat
80,20,37,6.97,wheat
92,45,43,6.34,rice
69,28,42,6.63,wheat
71,20,31,6.75,wheat
77,34,40,7.37,rice
55,35,42,6.93,wheat
77,41,48,7.15,rice
74,36,41,6.2,wheat
93,48,40,6.14,rice
91,30,36,6.49,rice
83,33,40,6.32,rice
83,48,44,6.14,rice
74,34,35,5.91,wheat
69,20,43,5.76,wheat
96,49,40,6.5,rice
70,35,38,6.93,wheat
66,35,44,6.11,wheat
67,38,30,5.96,wheat
66,27,36,7.0,wheat
95,45,39,7.25,rice
70,36,35,6.02,rice
64,27,39,6.87,wheat
51,24,43,6.18,wheat
62,39,45,6.99,wheat
91,48,39,6.7,rice
51,22,31,6.95,wheat
66,33,37,6.92,wheat
71,36,39,7.16,rice
100,50,40,6.92,rice
74,30,42,6.22,wheat
89,50,38,6.35,rice
62,36,34,6.55,wheat
77,49,48,6.93,rice
54,28,33,5.56,wheat
60,36,42,6.01,wheat
82,46,50,6.87,rice
70,31,45,7.06,rice
73,25,38,6.21,wheat
66,26,34,6.05,wheat
81,36,48,6.6,rice
88,47,48,6.64,rice
79,32,43,7.2,rice
71,48,45,6.91,rice
63,29,34,6.95,wheat
78,40,36,6.52,rice
78,27,32,6.13,wheat
84,31,40,6.02,rice
81,31,48,6.33,rice
65,38,30,6.67,wheat
87,41,48,6.39,rice
94,48,46,6.65,rice
88,37,43,6.96,rice
95,48,37,7.13,rice
55,29,43,6.41,wheat
51,29,33,6.96,wheat
93,35,49,7.44,rice
73,38,44,5.74,wheat
54,35,30,6.08,wheat
76,38,44,6.12,wheat
87,46,44,6.69,rice
82,40,48,7.22,rice
50,22,32,6.92,wheat
91,40,36,6.05,rice
69,36,37,6.54,wheat
84,44,45,6.82,rice
71,36,45,5.67,wheat
94,31,47,6.22,rice
71,27,31,6.31,wheat
63,40,32,5.58,wheat
69,30,39,6.06,wheat
79,35,34,5.56,wheat
96,30,42,7.18,rice
79,35,36,7.44,rice
74,37,33,6.28,wheat
75,44,46,7.41,rice
77,25,34,6.35,wheat
92,38,39,6.04,rice
79,22,31,6.51,wheat
97,36,38,7.2,rice
57,39,40,6.32,wheat
85,31,37,6.21,rice
63,29,44,5.9,wheat
85,41,36,7.04,rice
55,29,38,6.37,wheat
94,45,46,7.02,rice
94,42,36,6.77,rice
88,33,36,6.81,rice
68,23,35,6.46,wheat
66,40,35,5.61,wheat
56,38,44,5.77,wheat
95,39,46,6.06,rice
78,46,44,6.94,rice
88,34,47,7.44,rice
69,34,33,6.95,wheat
98,36,45,6.6,rice
84,32,46,6.96,rice
50,29,37,6.72,wheat
97,45,43,7.01,rice
76,46,42,6.17,rice
75,24,35,6.43,wheat
80,43,45,7.41,rice
93,31,49,7.03,rice
76,33,38,7.37,rice
83,35,36,6.59,rice
71,46,47,6.71,rice
81,41,47,6.3,rice
76,36,47,6.09,rice
58,27,32,6.67,wheat
59,36,33,5.61,wheat
83,36,44,6.33,rice
84,47,50,6.34,rice
78,42,48,7.21,rice
80,33,44,5.5,wheat
54,39,35,5.85,wheat
92,49,44,7.23,rice
91,44,48,6.08,rice
94,30,38,6.57,rice
97,34,45,6.6,rice
53,35,43,5.98,wheat
61,38,44,5.75,wheat
57,29,44,6.94,wheat
55,31,34,5.81,wheat
51,37,32,5.75,wheat
86,35,44,6.9,rice
75,25,38,6.23,wheat
94,45,40,7.43,rice
78,29,42,6.46,wheat
54,33,40,6.17,wheat
51,39,41,6.6,wheat
100,44,42,6.04,rice
92,50,51,7.21,rice
68,36,44,6.12,wheat
70,34,38,7.33,rice
71,32,41,6.03,rice
58,32,45,5.95,wheat
90,35,44,6.08,rice
75,42,38,7.34,rice
92,41,40,6.59,rice
56,20,32,6.56,wheat
58,40,44,5.76,wheat
74,42,37,7.09,rice
85,47,50,6.55,rice
83,30,50,6.59,rice
73,32,45,6.8,rice
79,23,34,6.67,wheat
100,34,35,7.11,rice
54,20,42,5.77,wheat
97,35,48,6.72,rice
85,33,50,6.05,rice
94,47,48,6.34,rice
75,31,45,6.86,rice
76,23,44,6.86,wheat
72,32,44,6.59,rice
56,36,42,5.78,wheat
61,33,43,6.91,wheat
50,23,35,6.71,wheat
69,21,35,6.2,wheat
69,23,41,6.57,wheat
75,46,43,6.54,rice
91,43,35,6.81,rice
84,50,39,6.67,rice
80,39,35,6.4,wheat
93,39,42,6.45,rice
97,37,48,6.81,rice
85,36,35,6.44,rice
94,32,50,6.62,rice
72,45,38,7.32,rice
75,46,43,7.45,rice
73,33,31,6.85,wheat
53,34,45,5.9,wheat
90,38,43,6.71,rice
72,40,46,6.47,rice
78,31,42,6.27,rice
82,41,39,6.77,rice
54,20,37,6.38,wheat
50,20,42,6.91,wheat
90,39,37,7.47,rice
51,20,36,6.24,wheat
72,46,42,6.04,rice
64,39,38,6.96,wheat
74,43,39,7.06,rice
91,43,47,6.01,rice
80,38,42,6.85,rice
62,40,39,6.92,wheat
83,30,49,7.37,rice
76,36,47,6.78,rice
90,44,47,6.15,rice
75,30,43,6.19,rice
80,25,35,6.57,wheat
53,37,40,5.62,wheat
99,49,47,6.72,rice
66,31,38,6.51,wheat
71,30,46,7.17,rice
97,46,38,6.86,rice
82,48,45,6.99,rice
81,40,44,7.31,rice
90,40,47,6.01,rice
77,37,45,6.22,wheat
85,41,49,7.01,rice
74,43,50,7.45,rice
70,25,40,5.54,wheat
68,29,40,5.68,wheat
64,28,30,6.11,wheat
50,27,43,5.89,wheat
71,48,39,7.05,rice
98,40,44,6.56,rice
72,41,44,6.62,rice
72,49,42,6.18,rice
69,31,30,5.98,wheat
95,30,37,6.35,rice
75,38,40,6.58,wheat
86,31,46,6.61,rice
79,32,35,5.78,wheat
88,37,43,7.02,rice
74,44,47,6.35,rice
74,26,34,6.69,wheat
73,39,40,6.65,rice
77,44,50,7.29,rice
69,34,36,6.49,wheat
77,32,36,6.6,rice
58,27,30,6.38,wheat
72,37,42,5.84,wheat
53,38,39,5.74,wheat
79,32,35,6.62,rice
75,36,38,7.19,rice
56,35,31,6.26,wheat
82,35,38,6.03,rice
78,35,40,6.41,wheat
97,46,37,6.01,rice
87,36,37,6.27,rice
74,20,45,6.55,wheat
73,22,36,6.63,wheat
82,32,44,7.01,rice
51,23,41,6.04,wheat
74,34,48,6.35,rice
72,28,37,6.78,wheat
74,34,49,7.43,rice
72,45,35,7.46,rice
76,45,48,6.53,rice
89,41,50,6.72,rice
72,34,36,5.55,wheat
99,34,36,7.14,rice
100,33,48,6.86,rice
60,25,37,6.85,wheat
77,40,41,6.39,wheat
56,37,42,5.79,wheat
90,43,50,6.08,rice
95,38,37,6.71,rice
58,20,39,6.58,wheat
79,40,36,6.16,rice
66,30,42,6.09,wheat
89,47,38,7.3,rice
75,36,38,6.56,wheat
70,34,44,6.32,rice
50,26,32,6.07,wheat
56,34,31,5.97,wheat
58,40,34,6.41,wheat
62,35,37,6.29,wheat
58,30,32,5.94,wheat
59,38,33,5.94,wheat
90,34,35,6.39,rice
58,20,40,5.71,wheat
75,30,47,6.12,rice
77,24,41,6.0,wheat
96,42,50,6.12,rice
98,45,46,6.61,rice
92,49,50,6.3,rice
59,30,38,6.22,wheat
75,46,40,7.24,rice
73,23,43,6.68,wheat
98,41,42,6.13,rice
77,27,38,5.63,wheat
79,40,33,5.6,wheat
86,50,39,6.94,rice
52,30,38,5.84,wheat
62,32,38,5.71,wheat
63,32,31,6.0,wheat
73,30,42,6.6,rice
59,38,34,6.63,wheat
78,36,49,7.45,rice
80,24,39,6.63,wheat
80,40,47,6.3,rice
95,40,38,6.18,rice
79,38,39,6.14,rice
55,40,45,6.04,wheat
79,35,36,5.97,wheat
51,22,30,6.22,wheat
69,27,40,6.12,wheat
80,32,42,6.56,rice
68,40,32,6.12,wheat
77,34,35,6.97,rice
54,29,32,6.56,wheat
86,40,41,6.11,rice
72,28,37,6.22,wheat
85,32,50,7.37,rice
77,28,39,6.51,wheat
69,31,39,6.78,wheat
61,33,43,5.57,wheat
79,43,44,6.94,rice
73,30,49,6.58,rice
58,34,44,6.2,wheat
92,33,37,6.77,rice
81,30,43,6.34,rice
67,30,33,6.03,wheat
53,30,31,6.03,wheat
87,50,40,6.47,rice
67,26,37,5.85,wheat
55,20,37,6.79,wheat
99,43,38,6.52,rice
59,27,38,6.33,wheat
98,43,40,6.45,rice
93,43,42,7.37,rice
67,24,43,6.33,wheat
82,40,48,7.11,rice
60,37,35,5.93,wheat
74,35,37,7.25,rice
59,30,37,5.97,wheat
69,32,45,6.4,wheat
52,38,45,6.89,wheat
65,40,34,5.82,wheat
76,27,40,5.95,wheat
72,43,44,7.04,rice
92,45,50,7.19,rice
80,34,46,7.07,rice
100,37,35,7.18,rice
75,31,36,6.5,wheat
89,47,45,6.38,rice
84,38,35,6.77,rice
50,36,45,5.88,wheat
72,37,43,6.65,wheat
53,26,43,6.9,wheat
72,25,45,5.64,wheat
77,27,32,6.0,wheat
55,39,33,6.88,wheat
82,30,42,6.32,rice
94,30,45,6.41,rice
71,21,43,6.64,wheat
79,34,40,5.66,wheat
78,47,48,7.18,rice
71,41,40,7.0,rice
70,49,38,7.25,rice
76,42,43,7.45,rice
64,28,32,5.91,wheat
98,43,45,7.4,rice
69,40,43,6.55,wheat
81,36,41,6.23,rice
79,41,49,6.27,rice
62,40,30,6.37,wheat
84,47,35,6.91,rice
53,25,39,5.99,wheat
75,30,39,6.24,wheat
77,50,48,6.72,rice
100,46,47,7.18,rice
86,48,50,6.98,rice
87,35,47,6.01,rice
68,25,39,5.98,wheat
72,31,38,6.96,wheat
86,36,37,7.3,rice
93,31,40,7.04,rice
94,33,44,6.94,rice
81,36,45,6.71,rice
93,35,41,6.09,rice
71,45,35,7.05,rice
79,42,47,6.77,rice
64,23,33,5.67,wheat
58,26,30,6.14,wheat
57,40,42,5.87,wheat
73,34,33,5.91,wheat
89,43,46,6.79,rice
58,32,45,6.5,wheat
68,34,38,6.61,wheat
54,23,33,6.73,wheat
71,20,35,5.58,wheat
71,31,42,6.86,rice
50,35,37,6.81,wheat
74,48,38,6.78,rice
84,34,38,6.87,rice
77,38,37,6.88,rice
70,44,37,7.0,rice
97,45,37,6.38,rice
89,45,43,6.4,rice
69,25,41,6.8,wheat
50,27,33,5.71,wheat
74,33,38,6.08,rice
71,32,37,6.15,rice
78,30,48,6.1,rice
100,35,38,7.04,rice
78,24,32,6.32,wheat
58,30,40,6.03,wheat
56,35,36,5.92,wheat
50,33,36,5.85,wheat
80,41,49,6.3,rice
99,49,36,7.03,rice
83,42,43,7.01,rice
73,44,45,7.42,rice
98,43,38,6.31,rice
100,30,43,6.02,rice
99,30,42,7.23,rice
75,45,47,6.78,rice
78,35,31,6.45,wheat
73,49,50,6.53,rice
80,47,48,6.36,rice
66,35,37,6.01,wheat
76,21,35,5.76,wheat
61,23,36,5.55,wheat
90,48,49,6.05,rice
53,23,33,6.57,wheat
63,35,44,6.59,wheat
74,40,33,5.8,wheat
56,33,35,6.4,wheat
79,28,34,5.78,wheat
55,38,45,6.64,wheat
67,29,34,5.54,wheat
79,49,46,6.74,rice
50,23,31,6.12,wheat
64,35,37,5.75,wheat
83,36,43,6.14,rice
87,49,48,6.11,rice
77,40,49,7.13,rice
62,30,42,6.44,wheat
53,30,43,6.6,wheat
92,47,48,6.06,rice
88,39,35,7.11,rice
65,24,37,6.99,wheat
56,30,38,5.96,wheat
68,35,38,5.97,wheat
96,33,43,6.94,rice
69,24,38,6.27,wheat
71,41,42,7.13,rice
65,24,41,6.26,wheat
100,39,49,6.91,rice
65,37,32,6.32,wheat
68,35,42,5.55,wheat
79,34,33,5.7,wheat
77,45,49,6.68,rice
77,33,37,7.18,rice
79,21,30,5.55,wheat
85,39,47,7.28,rice
99,48,42,7.17,rice
93,37,46,6.31,rice
95,32,48,6.15,rice
91,49,35,6.06,rice
80,46,47,6.54,rice
59,31,37,6.51,wheat
79,34,47,6.62,rice
55,23,32,5.79,wheat
79,33,43,6.49,wheat
54,36,39,6.65,wheat
92,40,45,6.68,rice
92,30,38,7.06,rice
77,37,31,6.18,wheat
74,21,37,6.62,wheat
81,30,41,6.96,rice
64,37,45,6.43,wheat
81,33,36,7.14,rice
88,50,49,7.04,rice
73,39,36,6.64,wheat
80,50,41,6.38,rice
75,29,42,5.77,wheat
91,43,45,6.69,rice
51,23,42,5.61,wheat
79,46,43,6.12,rice
83,33,44,7.15,rice
85,41,40,7.24,rice
94,30,40,6.23,rice
77,21,41,6.06,wheat
95,49,43,6.48,rice
94,45,43,6.27,rice
72,40,36,5.81,wheat
89,34,50,7.24,rice
72,40,38,6.32,rice
60,22,44,6.9,wheat
60,26,40,6.11,wheat
57,37,30,5.69,wheat
65,30,36,5.94,wheat
87,46,48,6.15,rice
55,21,36,6.15,wheat
78,38,33,6.37,wheat
83,34,44,6.34,rice
96,34,36,7.32,rice
70,43,37,6.36,rice
71,33,48,6.71,rice
79,26,42,6.42,wheat
73,33,39,6.39,wheat
58,26,35,6.91,wheat
79,25,33,6.21,wheat
89,48,41,7.43,rice
100,45,36,6.52,rice
88,43,45,7.12,rice
99,35,36,7.37,rice
100,37,42,6.31,rice
64,23,31,5.76,wheat
94,35,36,7.34,rice
87,48,38,7.04,rice
74,42,41,6.98,rice
80,34,37,6.57,rice
58,28,42,5.92,wheat
67,25,32,6.84,wheat
71,30,43,7.35,rice
79,39,40,6.18,rice
57,33,35,5.59,wheat
90,35,42,6.78,rice
89,49,41,7.28,rice
89,41,46,6.75,rice
73,45,46,6.05,rice
65,35,38,6.16,wheat
53,21,44,6.83,wheat
67,20,30,6.1,wheat
73,38,36,6.55,wheat
82,42,38,7.13,rice
80,39,41,6.47,rice
73,27,43,6.95,wheat
72,21,45,6.24,wheat
95,40,44,6.1,rice
64,37,40,6.16,wheat
79,36,40,6.36,rice
96,36,45,6.53,rice
95,41,45,7.35,rice
85,32,44,6.21,rice
71,28,39,5.75,wheat
53,27,38,6.99,wheat
66,30,34,6.88,wheat
99,40,41,6.46,rice
55,25,45,6.59,wheat
96,36,46,6.41,rice
93,34,42,7.12,rice
81,31,49,6.82,rice
51,36,37,6.3,wheat
76,49,44,7.06,rice
97,34,40,6.7,rice
60,32,42,6.98,wheat
86,42,37,6.84,rice
93,50,35,7.31,rice
67,26,37,6.58,wheat
74,48,49,6.77,rice
72,37,44,5.57,wheat
79,38,39,6.91,rice
97,48,46,6.47,rice
57,24,43,6.45,wheat
96,34,49,6.47,rice
80,48,50,6.82,rice
100,49,39,6.67,rice
70,38,45,6.46,rice
50,37,34,6.09,wheat
78,33,39,6.15,rice
82,36,50,7.42,rice
66,28,45,6.42,wheat
64,31,39,6.71,wheat
56,23,41,5.83,wheat
71,49,39,7.05,rice
71,34,39,5.63,wheat
93,49,35,7.42,rice
80,25,42,5.94,wheat
79,29,40,6.51,wheat
77,43,45,6.15,rice
91,30,38,6.43,rice
92,45,39,7.01,rice
99,46,35,6.86,rice
71,32,37,5.97,wheat
58,38,39,5.72,wheat
91,47,35,6.08,rice
96,46,45,6.72,rice
75,39,40,6.5,wheat
56,25,36,5.93,wheat
50,33,31,6.82,wheat
67,20,30,6.4,wheat
60,36,37,6.19,wheat
53,21,33,6.95,wheat
67,27,38,5.82,wheat
80,47,35,6.21,rice
70,21,36,6.27,wheat
59,35,45,6.09,wheat
96,44,43,6.8,rice
73,40,43,6.94,wheat
50,35,40,5.78,wheat
100,46,42,7.23,rice
77,31,35,7.12,rice
68,33,37,5.54,wheat
54,20,38,6.92,wheat
65,24,34,6.27,wheat
79,39,36,7.39,rice
91,40,44,6.11,rice
60,29,35,6.17,wheat
86,39,41,6.42,rice
71,48,50,6.71,rice
76,36,45,6.45,wheat
52,35,32,6.96,wheat
72,39,37,6.86,wheat
80,49,39,6.99,rice
79,40,36,6.73,wheat
92,36,47,7.07,rice
56,36,44,5.9,wheat
69,35,32,5.73,wheat
72,35,30,5.63,wheat
75,32,38,6.36,rice
51,36,37,6.02,wheat
70,25,44,5.8,wheat
75,43,40,7.26,rice
96,34,48,7.44,rice
93,31,48,7.19,rice
98,31,44,6.95,rice
61,23,37,5.54,wheat
92,46,47,6.09,rice
61,38,36,6.43,wheat
94,40,35,6.23,rice
68,34,35,6.49,wheat
79,50,44,7.05,rice
71,31,42,6.31,rice
59,25,31,6.76,wheat
97,41,44,7.35,rice
91,49,50,6.83,rice
50,20,41,5.92,wheat
88,48,44,6.34,rice
59,33,37,5.91,wheat
84,46,43,6.12,rice
54,26,39,6.02,wheat
50,25,45,6.91,wheat
72,43,47,6.56,rice
79,27,39,6.84,wheat
93,42,40,6.47,rice
75,20,34,5.76,wheat
79,45,35,6.43,rice
75,27,42,6.58,wheat
74,38,39,7.19,rice
85,44,37,6.2,rice
91,49,48,6.53,rice
77,47,45,6.91,rice
85,49,39,6.83,rice
77,47,44,6.09,rice
65,23,43,6.92,wheat
55,36,37,5.91,wheat
67,38,34,5.92,wheat
68,24,31,5.88,wheat
50,29,43,6.25,wheat
79,37,42,6.97,rice
53,32,41,5.62,wheat
88,50,51,6.23,rice
79,25,40,5.83,wheat
65,20,43,6.64,wheat
60,33,42,5.96,wheat
85,33,40,7.13,rice
100,39,49,6.48,rice
65,32,33,5.98,wheat
96,49,44,6.47,rice
54,28,43,6.46,wheat
73,28,42,6.38,wheat
97,48,49,6.61,rice
82,50,39,6.79,rice
72,45,49,7.14,rice
91,49,48,6.05,rice
93,48,42,7.37,rice
85,45,39,7.01,rice
89,41,36,6.53,rice
74,34,45,6.79,wheat
100,49,48,7.38,rice
71,23,37,6.86,wheat
61,32,31,5.63,wheat
99,34,37,6.71,rice
70,22,40,6.0,wheat
58,21,37,5.64,wheat
79,40,41,6.63,rice
55,31,32,5.87,wheat
79,44,49,6.52,rice
71,43,38,6.19,rice
61,28,39,6.58,wheat
76,37,43,6.79,rice
74,26,43,6.25,wheat
53,21,44,5.96,wheat
94,49,41,6.61,rice
50,30,35,5.94,wheat
71,43,46,6.91,rice
72,34,35,6.04,wheat
71,48,36,6.3,rice
76,37,41,7.4,rice
69,28,30,6.73,wheat
77,25,34,5.97,wheat
83,43,49,7.41,rice
61,20,33,6.15,wheat
78,38,44,6.08,rice
97,30,36,6.56,rice
71,35,44,6.96,wheat
100,42,38,6.96,rice
89,30,49,6.01,rice
97,42,38,6.83,rice
77,42,48,7.0,rice
65,30,31,6.68,wheat
74,45,35,6.12,rice
77,34,40,6.74,rice
91,45,46,6.38,rice
69,23,43,6.69,wheat
96,36,48,7.41,rice
71,49,44,7.44,rice
62,23,32,6.28,wheat
100,35,48,6.23,rice
99,49,46,6.86,rice
73,27,33,5.93,wheat
73,36,40,5.62,wheat
76,20,36,5.88,wheat
91,40,47,6.47,rice
80,30,40,6.44,wheat
61,36,32,6.49,wheat
80,41,42,6.47,rice
51,31,44,5.89,wheat
96,36,42,6.66,rice
72,41,39,6.14,rice
73,31,33,6.38,wheat
95,49,40,7.25,rice
51,31,36,6.91,wheat
79,33,32,6.2,wheat
75,33,39,5.53,wheat
66,31,32,5.65,wheat
52,39,36,6.99,wheat
78,30,36,6.45,wheat
81,44,49,7.11,rice
99,37,40,6.55,rice
79,37,40,6.23,rice
56,25,33,5.62,wheat
72,25,41,6.95,wheat
86,42,36,6.58,rice
80,32,47,6.04,rice
97,34,49,6.03,rice
50,31,39,6.83,wheat
98,49,45,7.3,rice
68,33,40,6.53,wheat
59,38,41,6.8,wheat
86,34,42,6.03,rice
100,32,44,7.25,rice
79,32,49,6.69,rice
62,33,35,6.99,wheat
52,39,42,6.04,wheat
61,39,40,5.51,wheat
75,34,49,6.09,rice
52,33,44,6.31,wheat
64,25,41,6.93,wheat
97,31,35,6.79,rice
53,28,38,6.96,wheat
88,44,48,6.32,rice
76,31,39,7.01,rice
75,32,37,6.0,wheat
52,33,35,6.47,wheat
81,37,44,6.93,rice
53,21,37,6.06,wheat
51,31,36,6.25,wheat
60,25,42,5.77,wheat
83,36,45,6.9,rice
75,46,38,6.67,rice
71,34,37,7.29,rice
52,32,30,5.69,wheat
51,21,32,5.92,wheat
73,46,36,7.03,rice
71,31,35,6.42,wheat
57,36,33,6.12,wheat
74,39,37,5.53,wheat
87,43,46,6.68,rice
80,42,50,7.27,rice
79,39,45,6.85,rice
77,31,41,5.94,wheat
80,32,45,7.06,rice
72,37,43,6.32,rice
95,43,36,6.42,rice
83,37,49,6.27,rice
96,48,41,6.24,rice
61,25,32,5.56,wheat
76,34,45,7.29,rice
83,35,36,7.12,rice
72,48,38,6.3,rice
64,22,35,5.99,wheat
73,39,46,6.31,rice
98,40,38,6.29,rice
97,46,45,6.46,rice
80,34,41,6.35,rice
51,31,44,5.87,wheat
77,22,31,6.3,wheat
79,33,36,7.36,rice
78,42,46,7.06,rice
86,39,46,6.13,rice
56,30,45,6.84,wheat
80,25,40,6.75,wheat
81,43,35,6.27,rice
80,32,41,5.63,wheat
97,37,41,7.44,rice
75,36,32,6.21,wheat
53,29,45,5.64,wheat
84,50,51,7.43,rice
73,30,38,6.1,rice
59,33,42,5.57,wheat
100,45,43,6.01,rice
78,33,49,6.77,rice
63,27,44,6.09,wheat
68,39,37,6.02,wheat
59,33,40,6.31,wheat
59,29,43,6.22,wheat
74,49,41,6.72,rice
63,29,36,6.18,wheat
93,41,35,7.07,rice
65,30,31,5.71,wheat
81,39,46,7.45,rice
54,22,44,5.67,wheat
84,33,46,6.08,rice
88,47,43,7.15,rice
75,32,38,6.09,rice
78,22,41,6.02,wheat
69,20,41,6.3,wheat
50,21,37,6.9,wheat
94,40,37,6.22,rice
71,35,44,6.95,wheat
77,40,45,6.22,wheat
78,27,42,5.91,wheat
81,30,50,6.95,rice
87,45,40,6.71,rice
73,40,32,6.84,wheat
88,46,37,6.85,rice
60,34,37,5.98,wheat
75,34,43,6.04,rice
70,42,50,7.35,rice
78,26,36,5.52,wheat
95,41,50,6.59,rice
69,25,32,6.97,wheat
80,30,32,5.88,wheat
59,27,30,5.84,wheat
70,36,30,5.87,wheat
84,50,51,6.46,rice
93,36,41,6.63,rice
100,44,38,6.3,rice
75,37,30,6.51,wheat
93,41,35,6.85,rice
64,23,44,5.7,wheat
59,36,40,6.33,wheat
53,23,38,7.0,wheat
65,34,45,5.64,wheat
79,26,33,6.87,wheat
72,25,38,5.96,wheat
86,43,44,6.77,rice
68,28,40,6.94,wheat
99,42,45,6.67,rice
73,40,39,6.97,rice
88,32,46,6.56,rice
75,35,43,6.05,rice
98,47,44,6.17,rice
91,38,39,7.09,rice
75,37,46,7.13,rice
93,36,37,6.01,rice
71,32,31,6.45,wheat
94,38,46,6.79,rice
78,39,40,5.67,wheat
76,47,43,7.28,rice
62,26,35,6.57,wheat
70,47,40,6.26,rice
89,48,44,6.77,rice
83,44,45,6.89,rice
73,21,45,6.95,wheat
59,29,36,5.99,wheat
68,33,36,6.45,wheat
79,28,39,6.45,wheat
94,36,47,7.13,rice
80,28,40,6.81,wheat
83,45,40,6.14,rice
76,35,44,6.2,rice
90,37,46,6.14,rice
97,36,35,6.59,rice
74,34,36,6.24,rice
65,30,34,6.41,wheat
56,21,35,6.5,wheat
55,22,40,6.37,wheat
52,40,33,5.59,wheat
61,39,44,6.83,wheat
70,43,38,7.49,rice
74,38,45,7.01,rice
80,31,32,6.38,wheat
90,32,45,6.2,rice
56,20,42,5.66,wheat
63,35,36,5.86,wheat
91,48,42,6.28,rice
61,34,40,6.07,wheat
56,35,44,6.71,wheat
80,36,45,6.64,wheat
89,32,39,7.3,rice
100,37,47,6.59,rice
69,24,41,6.83,wheat
58,27,30,6.95,wheat
76,27,44,6.58,wheat
74,32,40,6.1,wheat
86,35,42,6.03,rice
73,34,43,5.54,wheat
57,30,45,5.61,wheat
51,39,31,6.31,wheat
74,30,31,5.54,wheat
70,21,44,6.68,wheat
73,29,33,6.06,wheat
79,33,45,6.04,wheat
69,26,33,6.88,wheat
73,46,43,7.11,rice
100,48,45,6.03,rice
80,37,30,6.09,wheat
83,43,40,6.13,rice
79,50,40,6.71,rice
72,31,30,5.83,wheat
87,31,41,6.52,rice
96,30,38,7.0,rice
58,27,33,6.3,wheat
70,43,37,6.48,rice
95,42,43,7.15,rice
77,32,48,7.15,rice
80,30,41,5.58,wheat
78,35,36,6.05,wheat
75,34,44,6.83,wheat
73,29,32,6.54,wheat
77,40,35,6.63,rice
72,50,39,6.55,rice
80,27,43,6.53,wheat
64,35,36,6.22,wheat
55,25,32,6.06,wheat
57,29,39,6.16,wheat
85,33,45,6.42,rice
63,22,44,6.61,wheat
88,50,35,7.17,rice
98,46,41,6.88,rice
55,20,44,5.95,wheat
81,48,45,7.23,rice
71,33,50,6.15,rice
56,39,41,6.72,wheat
56,31,38,6.3,wheat
88,36,37,6.91,rice
58,37,41,6.43,wheat
93,37,39,7.0,rice
72,25,40,5.6,wheat
71,49,35,6.33,rice
77,49,40,6.67,rice
60,24,43,5.85,wheat
69,24,35,5.66,wheat
64,27,34,5.63,wheat
96,34,49,6.06,rice
63,39,36,6.81,wheat
52,23,39,6.49,wheat
96,30,37,6.64,rice
51,32,31,6.51,wheat
74,33,35,6.12,rice
80,32,40,6.95,rice
50,30,45,6.58,wheat
68,36,30,6.18,wheat
91,31,39,7.35,rice
54,25,39,6.26,wheat
78,39,40,5.83,wheat
95,46,38,6.75,rice
64,32,42,5.53,wheat
92,39,40,6.13,rice
64,39,37,5.73,wheat
80,22,42,5.6,wheat
69,31,38,5.61,wheat
51,24,41,6.98,wheat
98,38,37,7.24,rice
61,26,44,5.69,wheat
77,21,31,6.36,wheat
92,44,38,6.29,rice
89,47,39,7.13,rice
62,27,31,5.54,wheat
87,41,47,7.01,rice
85,32,46,6.5,rice
71,36,44,5.75,wheat
89,38,42,7.08,rice
77,31,37,6.09,wheat
70,24,31,6.58,wheat
90,47,40,6.62,rice
99,44,48,7.13,rice
84,42,47,6.54,rice
86,39,49,6.53,rice
56,38,45,6.31,wheat
88,31,40,6.73,rice
61,22,31,6.15,wheat
82,30,37,6.3,rice
96,37,35,6.64,rice
66,39,44,6.61,wheat
56,26,42,6.2,wheat
63,31,43,6.99,wheat
53,24,42,6.48,wheat
64,40,33,5.79,wheat
100,36,37,6.18,rice
54,38,35,6.77,wheat
79,37,50,6.28,rice
97,34,40,7.21,rice
73,27,31,5.87,wheat
57,31,32,6.39,wheat
96,46,40,6.33,rice
67,27,45,6.21,wheat
54,20,31,5.97,wheat
70,31,38,6.6,rice
59,31,41,6.55,wheat
79,29,38,6.93,wheat
76,36,50,6.17,rice
92,47,48,6.75,rice
74,45,43,6.29,rice
92,43,48,7.27,rice
89,31,42,7.19,rice
73,34,41,6.0,rice
73,27,45,6.37,wheat
76,24,34,5.58,wheat
79,24,43,6.56,wheat
72,36,40,5.82,wheat
74,29,35,6.4,wheat
97,37,35,6.29,rice
88,32,45,6.38,rice
65,32,38,6.38,wheat
77,20,40,5.56,wheat
80,35,37,5.67,wheat
57,23,33,5.64,wheat
79,49,40,6.76,rice
69,37,33,5.56,wheat
71,37,36,7.11,rice
91,49,42,7.36,rice
55,23,45,6.32,wheat
71,33,41,6.69,rice
77,39,47,6.54,rice
68,30,43,6.41,wheat
70,37,48,7.01,rice
76,40,36,6.06,rice
75,20,35,6.37,wheat
70,21,37,5.88,wheat
76,34,45,6.66,rice
77,28,39,6.62,wheat
94,36,43,6.09,rice
66,30,41,6.21,wheat
93,37,43,7.18,rice
74,40,38,6.81,wheat
63,28,45,6.12,wheat
71,38,35,6.31,rice
82,42,39,7.03,rice
52,35,34,6.83,wheat
78,47,48,7.04,rice
80,35,37,6.58,rice
77,30,42,5.7,wheat
73,31,42,6.92,rice
87,46,36,7.24,rice
88,35,39,7.12,rice
64,35,41,6.83,wheat
69,40,30,5.73,wheat
75,23,33,6.69,wheat
72,31,35,5.56,wheat
78,23,38,6.21,wheat
66,33,30,6.57,wheat
92,32,47,6.48,rice
56,32,43,6.9,wheat
76,35,37,6.17,wheat
67,32,39,5.75,wheat
76,22,34,6.95,wheat
92,38,42,6.57,rice
74,25,43,6.19,wheat
99,48,36,6.23,rice
75,40,44,6.17,wheat
96,33,47,7.16,rice
65,37,45,6.98,wheat
66,23,42,6.81,wheat
50,34,45,6.08,wheat
88,34,50,6.31,rice
56,36,42,6.97,wheat
72,33,41,6.17,rice
96,34,39,7.17,rice
84,47,46,6.65,rice
79,47,46,6.62,rice
97,47,44,6.98,rice
65,31,41,6.44,wheat
51,40,36,6.62,wheat
93,39,46,7.05,rice
97,42,50,6.33,rice
90,50,47,6.64,rice
97,36,44,6.51,rice
74,33,35,7.09,rice
61,25,38,6.6,wheat
95,44,40,7.42,rice
86,49,38,6.74,rice
54,22,32,6.57,wheat
98,34,42,7.36,rice
79,45,50,6.23,rice
91,31,42,6.47,rice
71,24,33,6.23,wheat
72,27,42,5.8,wheat
87,31,42,6.3,rice
84,45,47,6.09,rice
93,39,40,7.03,rice
91,32,35,6.28,rice
77,40,41,6.97,wheat
61,25,32,5.72,wheat
97,35,46,6.85,rice
57,38,31,5.62,wheat
68,36,39,6.55,wheat
88,41,49,6.49,rice
86,50,41,6.86,rice
71,31,40,6.58,rice
97,34,43,6.1,rice
89,41,37,7.34,rice
79,40,45,7.26,rice
95,33,47,6.34,rice
70,45,46,6.77,rice
75,35,38,6.43,wheat
58,36,39,6.74,wheat
76,40,39,6.23,wheat
64,23,31,6.85,wheat
84,43,37,6.35,rice
89,35,36,6.66,rice
92,44,36,6.31,rice
91,36,37,6.59,rice
73,34,33,6.47,wheat
63,36,41,6.89,wheat
89,41,35,6.18,rice
83,30,38,6.84,rice
62,26,32,6.61,wheat
71,48,38,6.39,rice
71,22,36,6.47,wheat
81,44,45,7.42,rice
73,48,40,7.33,rice
54,35,36,6.93,wheat
66,29,34,5.66,wheat
51,31,30,5.81,wheat
75,47,48,6.88,rice
99,47,39,6.34,rice
78,31,35,5.78,wheat
79,21,44,6.88,wheat
52,34,30,5.56,wheat
77,28,39,5.75,wheat
62,34,42,6.58,wheat
84,49,41,6.6,rice
93,45,43,6.46,rice
50,27,32,5.91,wheat
81,46,43,7.3,rice
77,34,36,5.78,wheat
54,33,42,6.37,wheat
60,21,45,6.96,wheat
66,36,35,6.55,wheat
64,38,42,6.89,wheat
95,45,48,6.64,rice
85,49,44,7.38,rice
96,43,36,6.09,rice
62,23,40,6.88,wheat
74,47,41,6.07,rice
79,40,33,6.14,wheat
85,34,40,7.0,rice
76,47,35,7.02,rice
55,23,40,5.74,wheat
78,29,33,5.88,wheat
89,46,43,6.79,rice
68,40,38,5.63,wheat
89,32,48,6.06,rice
71,40,39,6.6,wheat
51,32,37,6.35,wheat
83,35,45,6.32,rice
77,30,48,6.69,rice
93,44,39,6.04,rice
71,50,38,6.02,rice
68,20,40,6.49,wheat
67,36,41,6.15,wheat
76,44,46,6.34,rice
77,36,45,6.03,rice
77,48,36,6.62,rice
58,35,38,6.63,wheat
52,21,41,6.67,wheat
71,47,43,6.34,rice
95,32,47,6.69,rice
70,49,47,6.91,rice
65,26,31,6.77,wheat
80,32,35,6.74,rice
74,48,46,6.14,rice
60,35,31,5.69,wheat
74,45,43,7.41,rice
89,44,38,6.24,rice
60,30,39,5.7,wheat
80,28,35,6.43,wheat
71,37,39,7.35,rice
71,32,45,7.47,rice
76,27,43,6.24,wheat
58,21,42,6.95,wheat
78,45,36,6.12,rice
81,34,39,6.19,rice
70,26,41,5.68,wheat
75,22,42,5.89,wheat
98,39,40,7.35,rice
67,35,45,6.07,wheat
58,21,30,6.8,wheat
52,37,32,6.15,wheat
60,22,39,6.08,wheat
75,21,36,6.03,wheat
68,33,43,6.22,wheat
90,49,46,7.0,rice
64,22,45,6.42,wheat
94,47,37,6.91,rice
54,22,41,6.14,wheat
63,28,42,6.57,wheat
67,33,32,5.78,wheat
77,37,32,5.97,wheat
84,50,43,6.49,rice
58,38,31,6.42,wheat
56,21,39,6.48,wheat
89,31,40,6.14,rice
72,30,43,7.07,rice
74,30,47,6.49,rice
61,34,32,6.25,wheat
76,29,34,5.56,wheat
74,43,48,6.97,rice
55,24,35,6.88,wheat
55,35,41,6.44,wheat
73,31,39,6.49,wheat
71,28,32,6.03,wheat
76,27,40,5.88,wheat
73,33,43,6.63,rice
92,40,46,6.88,rice
99,35,38,6.01,rice
70,42,44,6.66,rice
65,20,45,6.2,wheat
64,38,33,6.81,wheat
50,33,43,6.01,wheat
78,35,50,7.16,rice
91,49,50,7.4,rice
56,35,36,6.22,wheat
81,33,35,7.19,rice
75,33,49,6.07,rice
58,30,32,5.92,wheat
86,31,41,6.14,rice
93,44,38,6.41,rice
87,37,47,6.44,rice
56,26,43,5.6,wheat
74,23,43,6.53,wheat
58,26,40,6.65,wheat
66,31,36,6.82,wheat
56,24,34,6.69,wheat
63,24,36,6.98,wheat
85,43,44,7.14,rice
95,33,39,7.22,rice
79,30,41,6.21,rice
72,33,42,6.32,wheat
95,41,42,6.41,rice
86,32,46,7.39,rice
68,32,30,5.94,wheat
88,44,42,7.5,rice
79,32,50,7.25,rice
56,26,35,6.92,wheat
97,34,38,6.33,rice
60,34,45,6.43,wheat
72,24,35,6.2,wheat
62,27,37,5.63,wheat
75,32,44,6.41,rice
66,28,34,5.63,wheat
80,36,45,6.96,wheat
79,50,40,7.1,rice
72,47,36,6.42,rice
62,21,40,6.23,wheat
79,33,45,7.07,rice
54,30,44,6.51,wheat
99,48,49,6.35,rice
60,40,35,6.69,wheat
62,26,41,5.95,wheat
70,50,49,7.07,rice
100,48,49,7.31,rice
73,26,34,5.74,wheat
59,38,39,6.11,wheat
71,36,43,5.96,wheat
54,20,33,6.63,wheat
67,37,40,5.76,wheat
87,39,45,7.22,rice
52,40,34,5.88,wheat
82,45,37,6.45,rice
70,47,36,7.35,rice
90,43,48,6.29,rice
68,36,33,6.27,wheat
79,50,51,6.55,rice
89,32,44,6.64,rice
76,24,44,5.67,wheat
62,24,32,6.27,wheat
65,30,31,5.57,wheat
95,36,38,6.93,rice
75,23,37,6.43,wheat
78,36,37,6.68,rice
83,39,42,7.24,rice
71,27,39,6.64,wheat
57,22,35,6.27,wheat
63,32,40,6.24,wheat
54,40,44,5.84,wheat
65,37,30,5.77,wheat
51,34,40,6.59,wheat
99,35,36,6.89,rice
69,26,30,6.47,wheat
99,44,38,6.54,rice
93,47,49,6.75,rice
64,34,39,6.56,wheat
51,35,45,6.19,wheat
76,40,41,6.64,rice
77,20,37,5.98,wheat
80,37,40,5.77,wheat
73,39,50,6.51,rice
100,45,36,6.31,rice
65,27,33,6.37,wheat
57,37,40,6.76,wheat
88,31,47,6.76,rice
61,34,40,6.71,wheat
72,39,38,6.74,wheat
79,31,38,6.37,wheat
94,38,37,7.38,rice
96,48,35,6.07,rice
63,37,43,5.81,wheat
70,36,40,6.26,wheat
64,37,42,5.57,wheat
83,46,47,6.84,rice
70,30,31,5.59,wheat
86,42,39,6.68,rice
94,36,39,7.32,rice
60,34,38,5.77,wheat
74,34,35,7.47,rice
79,38,33,5.89,wheat
88,33,35,6.62,rice
80,24,39,5.65,wheat
76,37,46,6.27,rice
50,28,40,6.39,wheat
82,33,43,6.19,rice
52,30,36,6.44,wheat
70,40,42,6.46,rice
86,30,35,6.07,rice
78,31,41,5.66,wheat
81,42,38,6.46,rice
94,31,45,6.84,rice
68,26,30,6.22,wheat
81,41,35,6.38,rice
76,28,38,5.8,wheat
67,31,30,5.96,wheat
73,32,37,6.63,wheat
54,38,43,5.94,wheat
75,27,30,5.85,wheat
78,43,49,6.87,rice
77,22,41,5.75,wheat
90,30,46,7.43,rice
93,49,35,6.39,rice
66,37,33,6.84,wheat
68,31,37,6.73,wheat
70,29,34,6.3,wheat
69,36,37,5.98,wheat
50,28,33,6.89,wheat
73,34,42,6.62,wheat
73,49,40,6.17,rice
80,23,37,6.21,wheat
69,23,30,6.32,wheat
83,34,45,6.59,rice
79,32,41,7.02,rice
76,27,45,6.51,wheat
76,48,40,6.03,rice
82,48,46,6.72,rice
70,38,30,5.78,wheat
73,27,45,6.76,wheat
92,40,50,6.87,rice
92,48,42,7.43,rice
73,37,36,6.9,wheat
86,31,39,6.73,rice
56,30,45,5.56,wheat
65,29,35,5.7,wheat
97,44,43,7.33,rice
73,35,38,6.8,wheat
68,30,38,6.75,wheat
80,33,32,6.39,wheat
88,46,44,6.54,rice
100,49,37,6.67,rice
52,31,32,6.38,wheat
61,21,43,5.62,wheat
77,46,45,6.79,rice
86,30,46,6.13,rice
62,27,41,6.73,wheat
59,29,38,6.31,wheat
98,33,44,7.18,rice
83,46,48,6.93,rice
76,36,38,6.19,wheat
78,47,48,6.25,rice
73,39,48,6.48,rice
97,42,44,6.99,rice
62,35,31,6.09,wheat
73,39,50,6.29,rice
100,32,37,7.36,rice
56,36,31,6.63,wheat
79,22,34,6.7,wheat
96,33,47,7.4,rice
99,38,44,7.45,rice
65,21,34,6.07,wheat
67,23,45,6.97,wheat
80,34,40,6.65,rice
80,33,42,6.17,wheat
97,44,50,7.04,rice
58,25,45,6.3,wheat
70,47,48,6.4,rice
81,30,44,6.63,rice
60,37,36,5.81,wheat
91,44,45,6.17,rice
80,37,46,7.35,rice
97,47,43,6.43,rice
79,38,42,6.61,wheat
87,40,38,7.01,rice
78,32,37,7.16,rice
78,45,35,7.35,rice
98,44,49,7.03,rice
66,39,43,6.23,wheat
80,43,37,7.01,rice
70,45,39,6.72,rice
51,25,39,5.71,wheat
53,27,40,6.81,wheat
72,31,49,6.29,rice
55,23,45,6.37,wheat
52,36,30,5.62,wheat
76,31,39,6.64,wheat
99,39,37,6.98,rice
51,26,43,6.01,wheat
70,25,32,6.44,wheat
75,24,45,5.81,wheat
85,47,50,6.35,rice
79,32,40,6.27,rice
71,47,42,7.21,rice
70,47,40,6.02,rice
58,34,36,5.71,wheat
52,29,40,6.76,wheat
94,31,42,6.97,rice
65,30,32,5.93,wheat
87,50,47,6.79,rice
65,36,42,6.51,wheat
65,37,33,5.53,wheat
76,23,42,6.73,wheat
69,23,31,6.8,wheat
76,34,50,7.15,rice
55,37,35,5.53,wheat
53,40,38,6.91,wheat
96,45,42,6.79,rice
69,27,44,5.67,wheat
68,22,40,5.67,wheat
79,49,39,6.37,rice
94,38,41,6.8,rice
57,23,40,5.6,wheat
81,37,38,6.2,rice
50,25,42,6.47,wheat
53,31,38,6.21,wheat
88,36,41,6.5,rice
73,41,46,7.16,rice
75,50,36,6.64,rice
53,33,31,5.58,wheat
75,21,42,6.72,wheat
54,24,33,6.94,wheat
98,41,49,6.96,rice
76,39,44,7.08,rice
71,22,45,6.95,wheat
81,43,45,6.43,rice
79,35,40,7.01,rice
77,47,48,6.49,rice
79,33,36,5.63,wheat
92,31,38,6.83,rice
93,34,44,6.62,rice
59,40,31,5.6,wheat
81,30,41,6.83,rice
100,42,39,6.64,rice
97,44,49,7.42,rice
72,34,38,6.31,rice
55,21,43,5.75,wheat
69,23,36,5.52,wheat
58,31,34,6.24,wheat
53,30,31,5.98,wheat
70,48,44,6.78,rice
81,32,42,7.31,rice
80,42,43,6.07,rice
97,41,40,7.26,rice
71,39,33,6.41,wheat
76,30,44,6.74,wheat
78,43,50,7.25,rice
79,22,33,5.54,wheat
90,41,50,6.51,rice
69,33,34,6.33,wheat
78,43,49,6.57,rice
72,43,44,7.36,rice
90,43,37,6.71,rice
54,26,31,5.53,wheat
60,20,31,5.98,wheat
80,35,36,7.36,rice
97,48,49,7.46,rice
68,22,44,6.32,wheat
81,36,40,7.34,rice
78,33,39,6.46,rice
76,45,37,6.56,rice
66,21,32,6.82,wheat
73,35,38,6.22,wheat
74,35,38,7.34,rice
94,47,45,7.45,rice
66,28,33,5.6,wheat
73,39,41,5.61,wheat
98,45,44,7.38,rice
78,21,33,6.08,wheat
70,49,48,6.28,rice
75,44,42,6.58,rice
52,33,35,6.04,wheat
62,27,33,6.2,wheat
69,36,41,6.62,wheat
91,32,40,7.37,rice
66,36,30,5.96,wheat
64,35,40,6.28,wheat
78,31,47,6.49,rice
58,35,33,6.79,wheat
51,30,37,6.23,wheat
58,33,37,6.99,wheat
60,40,45,6.04,wheat
74,47,37,6.01,rice
86,45,49,7.08,rice
80,37,30,6.82,wheat
96,42,41,7.16,rice
61,38,36,6.88,wheat
68,34,41,5.79,wheat
99,50,37,6.86,rice
51,23,33,6.51,wheat
75,30,44,6.26,rice
90,49,38,6.98,rice
64,25,42,6.59,wheat
89,37,40,6.51,rice
80,30,43,6.31,wheat
51,39,34,6.67,wheat
88,31,39,6.35,rice
74,48,40,7.35,rice
72,32,50,6.29,rice
94,38,42,6.13,rice
68,26,40,6.91,wheat
88,43,47,6.01,rice
93,34,45,6.72,rice
74,21,37,6.42,wheat
74,32,37,5.97,wheat
77,40,38,6.42,wheat
93,48,36,7.43,rice
100,30,50,7.14,rice
51,28,40,6.16,wheat
98,33,37,6.63,rice
68,27,38,5.9,wheat
70,39,35,6.84,rice
57,30,31,6.06,wheat
58,35,45,6.86,wheat
99,46,47,7.0,rice
52,28,34,6.28,wheat
71,47,48,6.11,rice
69,28,45,6.85,wheat
50,29,37,6.68,wheat
62,22,33,6.27,wheat
66,32,41,6.96,wheat
79,40,32,6.1,wheat
82,45,47,6.67,rice
97,48,37,6.66,rice
59,22,32,6.16,wheat
92,34,37,7.09,rice
50,34,44,5.99,wheat
90,36,40,7.08,rice
69,26,42,6.93,wheat
77,30,40,6.67,wheat
64,34,38,6.9,wheat
91,46,44,6.2,rice
65,23,40,6.02,wheat
76,36,37,6.61,wheat
85,36,49,7.37,rice
60,36,39,5.58,wheat
87,37,38,6.87,rice
76,43,42,7.24,rice
80,23,38,6.29,wheat
97,48,37,7.49,rice
52,33,35,6.48,wheat
73,39,41,6.55,rice
90,33,42,6.44,rice
78,26,33,5.85,wheat
90,41,44,6.44,rice
74,30,49,6.85,rice
84,37,38,7.18,rice
71,28,36,6.34,wheat
77,28,43,6.74,wheat
71,36,41,6.41,wheat
95,30,39,6.96,rice
93,44,41,7.1,rice
80,40,34,6.99,wheat
75,23,43,7.0,wheat
74,48,50,6.4,rice
52,21,44,6.79,wheat
98,39,48,7.34,rice
65,28,42,6.5,wheat
79,31,39,6.44,rice
77,33,42,6.49,rice
93,35,39,7.22,rice
56,35,45,6.6,wheat
99,38,37,6.31,rice
88,46,48,7.45,rice
72,46,44,6.4,rice
80,29,41,5.52,wheat
66,38,44,6.58,wheat
84,36,47,6.39,rice
75,35,40,6.19,rice
76,35,46,6.51,rice
98,46,47,7.33,rice
64,28,45,6.23,wheat
64,40,41,6.42,wheat
63,37,39,6.77,wheat
50,23,43,6.51,wheat
58,35,38,6.99,wheat
85,37,44,6.29,rice
96,39,46,6.27,rice
74,38,40,6.13,wheat
89,46,47,6.72,rice
72,31,48,7.47,rice
66,40,32,6.1,wheat
72,40,37,6.78,wheat
80,23,43,5.55,wheat
92,31,43,6.22,rice
80,33,37,6.53,wheat
71,37,38,6.49,wheat
58,21,36,6.3,wheat
78,31,38,6.81,rice
91,50,42,7.44,rice
85,48,41,6.34,rice
77,29,36,5.78,wheat
83,44,50,7.22,rice
58,20,38,6.77,wheat
99,45,36,6.33,rice
96,31,48,6.21,rice
73,31,32,6.72,wheat
65,29,36,6.27,wheat
87,40,35,6.84,rice
78,42,49,7.0,rice
94,36,38,6.67,rice
70,44,37,6.32,rice
81,32,46,6.84,rice
64,20,34,6.05,wheat
73,32,36,6.1,rice
76,33,34,6.63,wheat
56,24,38,6.54,wheat
70,31,35,6.13,rice
79,36,47,6.76,rice
84,41,48,6.94,rice
55,30,33,6.71,wheat
57,33,37,5.83,wheat
69,38,32,7.0,wheat
71,31,32,6.03,wheat
80,20,38,6.22,wheat
91,37,45,7.32,rice
71,38,33,6.56,wheat
74,28,42,5.97,wheat
62,24,45,6.27,wheat
95,34,39,6.48,rice
81,47,49,7.35,rice
60,22,33,6.95,wheat
79,36,43,7.13,rice
75,40,44,6.04,rice
85,43,38,7.42,rice
94,38,47,7.14,rice
92,37,44,6.21,rice
53,33,34,5.6,wheat
74,36,38,5.94,wheat
73,36,31,6.84,wheat
90,41,39,6.21,rice
54,36,37,5.54,wheat
69,27,31,5.92,wheat
57,24,39,5.74,wheat
92,47,43,6.39,rice
89,37,44,6.98,rice
84,35,40,6.53,rice
91,35,50,6.66,rice
77,37,31,5.81,wheat
79,48,49,6.72,rice
79,24,44,6.03,wheat
90,48,41,6.44,rice
80,49,35,6.99,rice
62,27,30,6.42,wheat
96,47,36,6.44,rice
62,20,31,6.03,wheat
67,33,35,6.59,wheat
52,37,38,6.68,wheat
67,34,37,6.57,wheat
77,34,38,6.11,wheat
62,22,34,6.81,wheat
59,40,37,6.4,wheat
77,24,34,5.67,wheat
53,28,39,6.86,wheat
51,30,31,5.7,wheat
52,30,39,6.82,wheat
98,37,50,6.24,rice
76,26,35,6.34,wheat
50,34,35,6.38,wheat
55,34,45,6.25,wheat
71,35,30,6.16,wheat
94,38,50,6.2,rice
92,42,50,7.02,rice
60,29,32,6.83,wheat
97,35,37,7.14,rice
95,36,46,6.25,rice
81,48,41,7.34,rice
62,25,39,5.65,wheat
95,43,46,6.3,rice
67,25,44,6.35,wheat
94,48,45,6.49,rice
78,21,39,6.54,wheat
91,43,41,6.33,rice
70,41,42,6.99,rice
69,26,30,5.96,wheat
98,49,37,6.74,rice
82,50,43,7.0,rice
61,40,34,6.04,wheat
53,36,39,6.75,wheat
56,28,42,6.87,wheat
77,50,36,6.24,rice
60,28,44,6.0,wheat
53,21,36,6.32,wheat
90,33,43,6.77,rice
87,38,42,6.37,rice
99,43,47,6.91,rice
73,22,30,6.64,wheat
63,33,45,6.41,wheat
74,49,47,6.79,rice
64,26,31,6.95,wheat
72,43,48,6.27,rice
81,37,36,6.86,rice
87,30,45,6.99,rice
73,22,38,6.42,wheat
73,21,42,6.84,wheat
70,24,37,5.95,wheat
73,20,31,6.69,wheat
75,32,49,7.13,rice
56,30,39,6.22,wheat
73,24,33,6.53,wheat
54,29,40,5.83,wheat
91,32,41,6.26,rice
85,50,37,6.4,rice
60,23,45,6.89,wheat
85,32,35,7.36,rice
71,43,50,6.76,rice
54,29,32,5.84,wheat
60,26,30,6.53,wheat
91,36,41,6.24,rice
90,32,42,6.34,rice
94,37,35,6.55,rice
54,28,45,6.96,wheat
100,43,47,6.35,rice
59,33,43,6.33,wheat
97,49,50,7.46,rice
75,34,30,6.87,wheat
82,41,48,7.18,rice
100,36,45,6.41,rice
72,26,33,6.54,wheat
100,32,43,6.37,rice
84,32,41,7.4,rice
73,42,50,6.88,rice
59,30,31,6.2,wheat
65,38,44,6.61,wheat
71,25,45,5.55,wheat
53,33,45,5.64,wheat
75,50,46,6.36,rice
85,43,45,6.57,rice
94,42,41,6.77,rice
95,37,44,7.18,rice
71,48,37,7.23,rice
95,35,50,7.15,rice
62,26,33,6.25,wheat
65,36,41,6.14,wheat
56,31,32,5.84,wheat
75,27,41,6.11,wheat
63,28,38,5.92,wheat
71,46,45,7.29,rice
85,33,37,6.85,rice
74,32,50,6.84,rice
77,39,30,5.73,wheat
67,33,35,5.88,wheat
79,23,42,6.92,wheat
82,34,50,6.21,rice
71,32,43,7.49,rice
62,26,35,6.42,wheat
95,48,49,7.48,rice
66,35,33,5.72,wheat
62,35,31,6.17,wheat
96,45,38,6.02,rice
84,41,40,6.65,rice
63,32,34,6.51,wheat
85,37,41,7.16,rice
53,29,35,6.25,wheat
51,30,31,6.93,wheat
89,41,42,6.04,rice
74,44,42,6.35,rice
66,39,40,6.83,wheat
77,22,34,5.9,wheat
77,48,39,6.64,rice
94,45,48,7.0,rice
69,29,38,5.94,wheat
74,48,47,6.15,rice
86,30,50,7.0,rice
69,34,45,6.42,wheat
69,40,38,6.72,wheat
99,32,47,6.88,rice
59,32,38,6.93,wheat
73,41,42,6.39,rice
69,38,35,5.92,wheat
92,43,41,6.92,rice
73,38,34,6.6,wheat
83,48,46,6.47,rice
88,39,41,7.11,rice
98,31,39,6.56,rice
75,43,37,6.5,rice
66,32,35,6.64,wheat
68,34,40,6.47,wheat
76,39,50,6.13,rice
88,30,37,6.77,rice
93,45,49,7.13,rice
72,30,42,6.84,wheat
85,37,45,6.31,rice
99,36,37,7.32,rice
67,31,33,6.61,wheat
54,38,32,6.83,wheat
73,30,34,6.47,wheat
61,35,43,5.95,wheat
86,45,44,6.5,rice
74,26,36,6.9,wheat
91,45,50,6.41,rice
71,47,35,6.09,rice
88,42,39,6.1,rice
97,32,47,6.8,rice
59,20,33,5.52,wheat
100,45,49,7.28,rice
79,41,39,6.9,rice
62,22,34,5.72,wheat
59,21,35,6.86,wheat
85,33,40,6.52,rice
78,36,37,6.91,wheat
76,33,35,7.42,rice
77,36,44,6.83,wheat
77,36,41,6.57,rice
59,38,41,6.49,wheat
72,37,39,6.03,wheat
70,24,35,6.61,wheat
89,45,46,6.58,rice
100,46,40,6.0,rice
84,33,49,6.41,rice
52,34,33,6.31,wheat
77,41,42,6.51,rice
71,28,37,6.92,wheat
69,31,40,6.94,wheat
92,42,39,6.57,rice
78,42,50,6.14,rice
58,38,35,6.7,wheat
79,39,44,7.35,rice
95,41,35,7.39,rice
73,35,44,6.27,wheat
82,41,40,6.15,rice
56,32,42,5.9,wheat
53,39,45,6.6,wheat
80,34,40,6.25,wheat
76,33,41,5.83,wheat
92,32,45,6.32,rice
90,31,41,6.95,rice
55,26,30,6.32,wheat
76,43,37,7.33,rice
100,43,38,7.17,rice
56,28,42,6.75,wheat
80,29,38,5.6,wheat
75,26,32,5.98,wheat
93,48,43,6.47,rice
98,33,49,6.61,rice
79,46,50,7.39,rice
76,30,40,6.97,rice
68,28,44,5.85,wheat
71,41,42,7.46,rice
91,44,40,6.96,rice
75,40,38,6.17,rice
74,22,37,6.54,wheat
78,33,39,7.2,rice
55,20,40,6.26,wheat
87,33,44,7.49,rice
79,49,40,6.14,rice
79,22,32,6.14,wheat
71,46,40,7.02,rice
54,32,40,5.76,wheat
71,31,37,7.06,rice
80,30,36,6.96,rice
80,50,35,6.02,rice
78,22,38,6.7,wheat
67,38,33,6.91,wheat
71,35,39,6.7,wheat
74,45,43,6.84,rice
88,38,46,6.61,rice
94,41,46,7.45,rice
97,45,43,7.11,rice
74,20,42,5.51,wheat
53,24,41,6.03,wheat
92,48,37,6.79,rice
58,28,42,5.58,wheat
57,21,44,6.68,wheat
89,41,40,6.25,rice
55,40,30,6.44,wheat
80,30,36,7.08,rice
93,43,50,7.45,rice
94,37,44,7.21,rice
75,32,30,6.02,wheat
97,43,42,7.37,rice
99,30,45,6.92,rice
92,30,38,6.52,rice
58,30,44,6.85,wheat
75,30,36,6.08,rice
66,23,45,6.62,wheat
79,41,35,6.15,rice
85,43,47,6.36,rice
63,20,36,6.63,wheat
83,46,45,7.2,rice
70,33,39,6.79,rice
74,28,39,6.88,wheat
57,39,37,6.1,wheat
62,31,36,7.0,wheat
66,21,31,6.23,wheat
63,24,43,5.97,wheat
73,30,41,5.98,wheat
91,41,49,7.0,rice
66,21,44,5.91,wheat
82,33,41,6.98,rice
80,39,30,6.38,wheat
93,30,41,6.09,rice
85,37,46,6.07,rice
75,31,49,7.35,rice
94,42,38,7.47,rice
80,37,47,7.23,rice
78,38,32,6.8,wheat
90,36,46,6.51,rice
71,32,30,6.65,wheat
80,34,42,6.86,rice
74,42,43,6.31,rice
100,33,40,6.92,rice
72,25,41,6.3,wheat
54,40,34,5.95,wheat
69,28,42,6.12,wheat
61,37,38,6.51,wheat
81,44,47,7.25,rice
86,33,41,6.46,rice
78,41,44,6.05,rice
98,45,40,6.23,rice
71,30,35,6.88,wheat
75,46,41,7.25,rice
81,42,37,6.25,rice
72,31,50,6.92,rice
100,50,46,7.29,rice
63,34,35,5.58,wheat
78,45,47,6.78,rice
51,34,44,5.97,wheat
94,35,50,6.4,rice
94,49,50,7.47,rice
60,20,35,6.56,wheat
99,33,47,6.25,rice
77,37,49,6.24,rice
75,38,46,6.72,rice
77,28,33,6.17,wheat
98,43,49,6.33,rice
92,42,36,7.37,rice
79,32,37,6.37,rice
96,46,41,7.03,rice
72,28,44,5.78,wheat
57,20,30,5.74,wheat
73,35,49,6.41,rice
92,39,47,6.14,rice
51,31,42,6.07,wheat
63,25,42,5.95,wheat
64,28,32,6.94,wheat
52,21,38,6.42,wheat
86,45,46,7.43,rice
86,46,43,6.27,rice
54,34,32,6.37,wheat
85,49,44,6.61,rice
80,35,42,7.21,rice
80,33,44,6.26,rice
74,38,36,6.59,wheat
71,34,48,7.24,rice
81,47,43,6.52,rice
59,37,44,6.92,wheat
78,31,48,6.18,rice
50,27,33,6.05,wheat
68,29,41,6.11,wheat
86,43,35,6.81,rice
54,35,42,6.18,wheat
65,23,33,6.86,wheat
70,46,45,7.5,rice
55,32,40,5.88,wheat
86,38,41,7.18,rice
73,35,43,5.51,wheat
69,33,41,6.67,wheat
61,26,37,6.01,wheat
64,27,32,5.58,wheat
87,44,48,6.28,rice
80,43,46,7.47,rice
74,27,38,5.59,wheat
80,21,30,6.88,wheat
76,29,31,6.89,wheat
77,33,38,6.62,rice
61,23,37,5.5,wheat
72,35,36,6.28,wheat
70,27,35,6.87,wheat
92,42,46,6.36,rice
85,45,41,6.28,rice
75,41,39,6.9,rice
93,48,49,7.47,rice
89,42,40,6.18,rice
55,39,41,6.76,wheat
50,33,39,6.63,wheat
72,43,47,6.1,rice
80,33,38,7.29,rice
76,24,41,6.49,wheat
81,38,46,6.25,rice
72,35,31,5.54,wheat
92,31,44,7.16,rice
85,34,35,7.42,rice
86,30,37,6.28,rice
94,38,45,6.75,rice
71,42,41,6.51,rice
75,33,41,7.44,rice
87,41,45,6.59,rice
86,50,45,7.06,rice
81,50,41,6.9,rice
81,34,37,7.3,rice
98,47,45,7.25,rice
67,35,44,6.94,wheat
98,31,48,6.66,rice
87,30,43,6.8,rice
71,37,42,5.89,wheat
75,48,42,7.5,rice
62,33,40,6.29,wheat
52,32,42,6.99,wheat
63,35,42,6.59,wheat
66,35,41,6.75,wheat
96,31,43,7.03,rice
52,39,36,6.31,wheat
70,37,42,6.2,wheat
70,36,47,6.38,rice
65,21,40,6.17,wheat
81,36,39,6.97,rice
68,27,40,5.72,wheat
77,38,42,5.58,wheat
92,32,44,6.72,rice
57,21,33,6.67,wheat
100,34,44,6.07,rice
66,39,43,6.03,wheat
79,38,32,5.5,wheat
88,39,44,7.17,rice
60,39,40,6.31,wheat
91,48,47,6.26,rice
51,29,31,6.76,wheat
71,45,36,6.36,rice
57,38,39,6.39,wheat
85,36,45,7.0,rice
54,27,44,6.52,wheat
79,40,37,6.18,rice
64,23,37,6.53,wheat
100,46,42,6.71,rice
74,25,38,6.37,wheat
78,35,46,6.96,rice
92,43,45,7.12,rice
90,49,46,6.63,rice
76,33,30,6.55,wheat
69,27,34,6.84,wheat
73,29,39,6.09,wheat
95,34,44,6.18,rice
57,34,31,6.33,wheat
52,38,45,6.41,wheat
52,24,38,6.14,wheat
52,22,39,5.51,wheat
97,39,37,6.68,rice
58,24,39,6.39,wheat
78,36,35,6.22,rice
50,23,31,5.73,wheat
78,31,45,7.27,rice
74,21,30,5.69,wheat
77,32,44,6.36,wheat
82,32,37,6.91,rice
92,40,42,7.42,rice
76,31,38,6.51,rice
54,34,33,6.1,wheat
72,46,45,7.23,rice
65,38,34,5.73,wheat
98,32,36,6.76,rice
96,47,40,6.49,rice
67,24,32,5.74,wheat
52,30,36,6.61,wheat
92,47,38,6.65,rice
100,37,38,7.13,rice
64,32,36,5.91,wheat
70,31,44,6.31,rice
100,43,39,7.4,rice
86,46,48,6.63,rice
59,24,31,6.35,wheat
69,20,33,6.28,wheat
93,47,44,6.16,rice
72,29,34,5.55,wheat
96,30,35,7.26,rice
82,46,47,7.3,rice
88,41,42,6.57,rice
55,40,37,6.74,wheat
55,28,40,6.38,wheat
79,36,45,6.71,rice
81,37,39,7.41,rice
92,36,47,7.39,rice
87,48,44,6.05,rice
82,30,44,7.24,rice
79,30,43,5.68,wheat
81,34,36,6.67,rice
84,39,49,7.27,rice
97,33,47,6.53,rice
60,38,32,6.41,wheat
74,38,34,5.9,wheat
64,21,30,6.32,wheat
59,20,38,5.94,wheat
87,30,45,6.38,rice
80,25,34,6.99,wheat
50,34,30,5.76,wheat
89,43,38,7.46,rice
80,37,40,5.69,wheat
83,45,49,6.34,rice
65,38,30,6.78,wheat
72,42,46,6.74,rice
92,32,42,7.03,rice
52,36,35,6.22,wheat
76,38,36,5.76,wheat
68,37,36,6.36,wheat
52,22,30,6.78,wheat
71,44,43,6.79,rice
100,36,42,6.85,rice
91,35,40,6.81,rice
66,23,30,6.1,wheat
66,20,31,5.83,wheat
78,32,37,6.44,wheat
99,46,48,6.52,rice
99,31,47,6.77,rice
57,21,34,6.59,wheat
57,36,44,6.11,wheat
54,20,40,6.59,wheat
96,33,50,7.06,rice
79,44,43,6.12,rice
68,38,39,5.55,wheat
65,40,30,6.23,wheat
99,48,45,6.33,rice
92,49,50,6.47,rice
91,40,37,6.7,rice
50,26,42,6.95,wheat
89,43,38,6.25,rice
70,33,43,6.39,wheat
70,32,38,6.02,rice
78,45,36,6.46,rice
95,38,48,7.09,rice
54,24,41,6.91,wheat
84,31,49,6.94,rice
71,38,43,6.73,wheat
51,28,45,5.84,wheat
86,39,40,7.31,rice
74,32,44,6.07,wheat
69,30,32,5.56,wheat
70,41,39,6.44,rice
78,36,37,5.54,wheat
61,24,45,5.64,wheat
82,47,48,6.75,rice
79,28,31,6.7,wheat
58,28,38,6.37,wheat
65,35,30,6.83,wheat
70,39,45,5.91,wheat
88,45,36,6.13,rice
76,36,49,6.29,rice
74,48,40,6.14,rice
96,38,40,7.41,rice
68,28,35,6.71,wheat
99,50,51,7.09,rice
54,38,39,5.51,wheat
81,37,44,7.41,rice
87,38,39,6.05,rice
75,33,44,6.44,rice
76,37,38,7.38,rice
82,41,49,6.11,rice
60,22,41,5.82,wheat
61,32,45,5.59,wheat
66,24,34,6.6,wheat
63,32,45,6.8,wheat
75,38,50,7.46,rice
56,26,39,6.68,wheat
69,25,32,5.65,wheat
83,33,42,6.22,rice
96,48,38,6.64,rice
73,38,41,5.63,wheat
98,43,40,6.82,rice
72,38,41,6.52,rice
73,37,36,6.5,rice
75,31,40,6.68,wheat
94,46,47,6.69,rice
62,39,32,6.27,wheat
71,32,46,6.46,rice
84,33,44,6.29,rice
50,21,39,6.92,wheat
99,30,50,7.16,rice
78,50,47,6.63,rice
99,39,44,6.67,rice
82,45,35,6.45,rice
91,32,38,6.99,rice
78,31,49,6.52,rice
91,41,35,6.56,rice
78,35,38,6.45,rice
71,31,38,5.81,wheat
62,32,42,6.31,wheat
73,46,43,6.99,rice
78,45,37,6.53,rice
73,28,36,6.78,wheat
