monocult,RYT_N,NUE
,1.141,377.234
,1.912,360.497
,1.568,307.339
,1.1,415.966
,1.066,409.18
,1.468,374.557
,1.28,325.743
,1.354,390.727
,1.17,418.105
,1.17,345.464
,1.393,335.646
,1.084,366.557
3.0,,205.453
3.0,,203.119
3.0,,177.001
3.0,,222.418
2.0,,128.025
2.0,,126.29
2.0,,134.228
2.0,,132.735
,1.682,316.7
,1.612,339.641
,1.278,322.532
,1.268,336.057
1.0,,133.001
1.0,,133.803
1.0,,128.59
1.0,,144.969
,0.958,457.946
,1.568,345.572
,1.311,453.211
,1.46,460.762
,1.773,465.835
,1.087,408.455
,1.21,433.756
,1.139,383.947
,1.471,377.707
,1.623,409.791
,1.267,440.178
,1.541,416.129
3.0,,206.725
3.0,,207.949
3.0,,235.386
3.0,,207.504
2.0,,140.378
2.0,,140.367
2.0,,137.016
2.0,,134.554
,1.898,377.413
,1.015,487.213
,1.556,410.073
,1.437,390.415
1.0,,165.305
1.0,,166.331
1.0,,182.246
1.0,,139.757
,1.204,349.267
,1.235,373.27
,1.467,346.958
,1.576,307.773
,1.4,328.689
,1.216,288.559
,1.395,327.026
,1.254,404.562
,1.17,233.212
,1.099,285.212
,1.229,311.456
,1.016,412.503
3.0,,184.192
3.0,,150.121
3.0,,190.697
3.0,,187.111
2.0,,107.141
2.0,,120.401
2.0,,139.064
2.0,,116.319
,1.058,295.398
,0.94,339.596
,1.276,349.763
,1.793,325.716
1.0,,129.47
1.0,,118.523
1.0,,121.951
1.0,,119.309
,1.8,340.423
,1.915,355.184
,1.524,407.678
,1.678,373.726
,1.314,389.214
,1.241,410.899
,1.692,391.602
,1.913,313.025
,1.638,334.991
,1.182,406.293
,1.422,369.441
,1.622,377.921
3.0,,210.949
3.0,,252.71
3.0,,221.44
3.0,,200.745
2.0,,136.18
2.0,,161.765
2.0,,139.438
2.0,,145.007
,1.687,335.05
,2.012,405.84
,1.68,404.778
,1.599,364.723
1.0,,136.367
1.0,,106.697
1.0,,149.482
1.0,,141.014
,1.355,443.158
,1.826,404.346
,1.24,424.971
,1.698,405.223
,1.166,417.406
,1.732,381.775
,1.257,425.391
,1.324,424.056
,1.242,433.319
,1.221,481.817
,1.878,362.635
,1.379,444.474
3.0,,236.445
3.0,,207.226
3.0,,233.758
3.0,,237.902
2.0,,138.889
2.0,,135.913
2.0,,141.099
2.0,,143.641
,1.026,488.949
,1.594,456.693
,1.811,374.381
,1.513,480.518
1.0,,168.557
1.0,,191.744
1.0,,209.721
1.0,,137.929
,1.642,339.759
,1.16,483.706
,1.057,442.806
,1.053,447.66
,1.669,403.518
,1.82,375.458
,0.838,508.435
,1.247,433.28
,1.634,480.395
,1.447,398.649
,1.014,491.74
,1.267,397.748
3.0,,239.519
3.0,,245.19
3.0,,224.708
3.0,,172.189
2.0,,176.517
2.0,,156.425
2.0,,135.837
2.0,,157.698
,1.439,414.039
,1.651,383.553
,0.921,474.989
,1.096,404.547
1.0,,181.001
1.0,,182.141
1.0,,168.11
1.0,,
,0.992,402.286
,1.001,398.867
,1.671,381.258
,1.114,429.221
,1.285,345.512
,1.088,366.11
,1.309,374.615
,1.164,415.784
,1.354,315.278
,1.346,326.34
,1.3,458.836
,1.707,370.67
3.0,,204.131
3.0,,166.901
3.0,,271.2
3.0,,224.988
2.0,,133.453
2.0,,110.58
2.0,,114.033
2.0,,123.642
,1.067,372.535
,1.315,362.78
,1.877,351.851
,1.262,407.096
1.0,,184.373
1.0,,133.207
1.0,,102.563
1.0,,126.976
,0.754,407.51
,1.296,361.626
,1.549,445.367
,1.159,472.976
,1.096,536.859
,1.221,446.86
,1.909,366.516
,1.221,452.062
,1.206,478.403
,1.369,355.011
,1.622,427.044
,1.468,407.464
3.0,,218.387
3.0,,256.399
3.0,,233.271
3.0,,269.048
2.0,,146.636
2.0,,140.762
2.0,,127.421
2.0,,150.407
,1.43,415.243
,1.206,492.147
,1.42,472.985
,1.24,434.001
1.0,,139.491
1.0,,136.19
1.0,,169.072
1.7149211452233215,0.8726337326696312,318.00598251650115
2.6997140417948566,1.390354129405681,513.1051333045916
2.0367621378878136,1.25858766694866,-12.763449049353596
3.6158785007553433,1.9172703255554202,537.0909392896224
2.0744452982635107,1.3026046467095493,187.82021577336394
2.9022075890781163,1.0616295755534693,207.6186617275361
2.296541934510061,1.496850185884719,346.37138342861107
2.906060866640906,1.552816336858712,246.1149342733465
2.4570710287025546,1.0574132339979436,439.26735457065274
2.597263729912719,0.9772983295856357,393.6154637646421
2.201499267063542,1.1629584620778717,252.68686805734995
2.5448641334020614,1.4415496141155928,261.4152096604057
0.5940178728817458,1.655150026077947,258.159770621618
0.9789101117546288,1.1621113488331183,490.5385137674797
2.0896218133481455,1.2762913194270724,181.80144259462026
1.5404687219073012,1.2912974778186526,299.14252993155316
1.704352299877453,1.6252889886248731,353.46657843100354
4.082568647795993,1.4841216471870267,285.70645954465766
1.4527355889959337,1.5718873194809908,215.41804405330174
3.3498831720215225,0.9250049781568013,478.2332183576865
1.35870643866556,1.568963599950135,272.6571444496814
0.1816198379094538,1.7256086714095793,125.00879222067121
1.6810975601770424,1.2466202720470743,210.55248749459668
0.8050563257172085,1.3824275537486193,156.62927401113635
3.6094771010479105,1.6932197125543984,373.84576976642086
2.3628530625010793,1.6662746661894792,112.96807794089906
1.6820758083947096,1.5152750732523317,268.2511223595162
2.003768942848113,1.2751130617543873,419.285459948788
3.1554237179432887,0.8201260527392077,144.58025938645824
2.0402312069349735,1.5377364359468297,307.41557684647137
3.2501528103830335,1.7033659448083747,345.0714399803133
2.6010736259824645,1.3597582115985831,165.84644954177662
1.8492732679891577,1.3981959642413024,440.9739585528468
3.558598579977269,1.2651016495750393,363.56743885631784
2.7558191200018847,1.8226357088345728,301.92449948041
3.51520903047535,1.5698740730135214,490.33719333942724
2.2215493153102965,1.8880530113758325,284.7754571905343
2.2431484867733706,1.5734514182018928,3.515846010129337
2.2770027915944735,1.3915793034986135,207.20468382308889
3.171703674104018,1.4216755173104125,264.3974238627961
1.1353997635681754,1.0152142271290656,233.2191192252035
1.1302221077294774,1.2932454775044302,442.2391674622043
2.716901070264151,1.7058389750009395,295.14272172036715
2.5652028047770434,1.4724267160199074,256.6498123837372
0.5382510930691287,1.3116149121083953,585.0891607649437
2.0914818408978846,1.0975365589232613,280.1308958457765
1.831466205207702,1.369964494886529,209.5309819171688
1.1390052166983438,1.2797428209651602,293.4174712923773
1.7098019320377353,0.9718229677055001,218.10747652560178
1.2624922555144344,1.354307695688424,153.38050459592037
2.2404139960553233,1.455656582435954,276.58181641230107
3.2799999500420007,1.6089612493773742,323.0578444295201
2.510591049220352,1.543183391458717,366.753827365121
2.712042248722393,1.2884755403637935,431.51821325365785
1.5307301849989934,1.372602194713928,445.7870057443482
1.632842232138814,1.1281366512374706,291.82762331258056
0.958321594142771,1.8056812025968316,364.4551163207621
1.2611750913913913,1.257081777966678,315.5255382490027
1.1529370650712552,1.2028979102943775,357.5728195859328
3.2870271061509992,1.1621412213053506,35.53777339809204
0.4410825224598611,1.5457610663809376,372.0004496708858
2.3924225201473597,1.7033517792481025,363.80689031682107
1.589802391564653,0.9300556484012892,528.4717841264348
2.5972663640060105,1.5235174674027787,397.21034529617384
2.23371197775382,1.4345941689423791,325.34553388258803
2.394273609944566,1.560079947319593,295.45676542188306
2.007665203166096,0.94631100894042,222.8969282261594
2.2340651403220324,1.6864565557775064,62.255540904138655
1.8633965466984737,1.5128573534260603,42.35313218289693
2.376502687005167,1.225089764143879,23.24738855737769
0.46086867401085163,1.4024322948630894,186.3475532694917
1.655627206422183,1.4187997139556292,234.7410319888213
0.9719241125983804,1.350948361158182,431.02209973368673
2.258681443074261,1.4080405393475874,172.03871722507728
1.588352757435731,1.2559536220967604,311.8543070998343
1.513159959197604,1.4889744623414398,116.5086696546962
3.46803685786357,1.0154837198096962,391.4682614334145
1.408990605968048,1.0806455190109023,156.90420199380924
3.1491580835492647,1.4499915879715006,79.44887911509699
2.5649844228551197,1.5366094952441758,201.42192677690647
1.9930379432697036,1.0185513829482935,190.6197425255742
3.361205912811236,1.0852603690812237,298.0879308512186
1.5328390727304642,1.742267758340341,303.4374882334401
2.7505285521351714,1.8803938089243397,77.08043113570261
2.1937872528216578,1.5886492727642592,203.91647232388172
1.864788753837329,1.4237371217426351,-27.2155454664653
2.744730579221992,1.482214826486491,516.451722564063
1.4152117637106554,1.1414404886142657,271.89864137687715
1.573633016409609,1.2000940724536442,270.7058253650136
0.38328634966394715,1.2626700297711055,463.8634642522263
1.0353544698349273,1.2812750735107818,441.9908931812249
1.6931624973566612,1.4607134263920751,412.2146432625922
0.029897103297117145,1.0683819045270204,257.66737338876874
0.07268561787005456,1.8667781060911508,241.87432216519065
1.4088929050523722,1.4723089673918135,290.88881422120215
2.9909570428353724,1.277911041866641,201.25184733480285
0.9332967207514915,1.1271723362705055,102.84029485244147
0.8764176243882409,1.0425182375562376,168.2473353652476
2.390320575673594,1.1818725385633675,318.2886871121679
2.495670880231397,1.1931086928503312,398.75987297137806
3.4118964694792995,1.292326057099633,312.5685031831201
1.6723661127886889,1.2354588046640442,289.1607754183133
3.569644830685265,1.2768058310567532,274.9208996827493
2.0193740868721863,1.5441197379139127,267.8083132859059
1.49794363917578,1.4960417274011704,177.12041839685835
2.0580646016377884,1.5665261811084392,341.01556345637835
1.9573845557477307,1.3181092136392238,487.269067137936
2.172207031362978,1.6379587637784847,304.0456644573715
1.331214882175571,1.507507702684625,415.7936260922648
1.9750717037765688,1.3825790391055344,373.64632300602835
1.1193128239387957,1.4727318356373027,164.3461629766127
2.661304218345112,0.9523613032826547,251.94800418581244
2.2221971231736664,1.584495146601168,226.1696291218305
2.8633446032034873,1.9765366224667633,255.7849064949692
0.751737276774866,1.2976085183377535,450.462006097169
1.756213465939104,0.7212602720429248,330.3795445272655
0.6075201608401091,1.2978782055835576,224.14320869771578
3.2816797078230135,1.3858726763389915,293.4215763010814
2.527049171806264,1.3978139057091856,457.1685046798933
3.1529388569930443,1.3363660514494864,122.82447494477958
1.5525251609722186,1.291176600533825,279.90527394981336
0.972380855610552,1.281687522813243,359.02080907681005
0.7278030552163817,1.5494561547253634,356.6316817083604
3.520337365187879,1.1300121244523735,115.19397294786768
1.632986566891355,1.4924758581918816,175.2260948233574
0.8063620923822117,1.0483190575336443,428.895868541627
2.2827250466482925,1.1166018355680438,393.33926321208247
0.7134331159812455,1.2366340671331626,234.74453697902567
1.2788130559729358,1.7851033236495903,478.4148035011625
2.2944915419350878,0.9195725751826966,267.5965335749971
2.5811699121110436,1.689746550785825,250.0534722327177
1.0802390097161465,1.3313290065307903,403.73983659914194
1.319453080657859,1.386874970301091,274.15340747479
2.8899175244282587,1.1988445114381352,339.3950070342716
1.5096697570640836,1.3163235715103743,232.4829075726872
2.478237607259651,1.1499957155528011,367.1973660758311
0.8202536166480778,1.6976769457318819,272.3071977115267
3.2214846686416814,0.9768599025373905,60.135991141513045
2.4519007349645943,1.0632562668892458,338.9555716529797
3.8171038838532816,1.4589887974038853,263.25370561470993
2.3781047505018815,1.6119221884222048,147.8331297496904
1.8773553876302567,1.3225865816141475,192.45396120434947
2.9414474759873572,1.571387219132858,458.81431709413766
1.1836254848031538,1.2021611307193003,213.744205122651
1.6183622300924752,1.5082595833136763,130.85903373807324
2.1788297779182764,1.2269744989946978,193.08728574612252
1.2373937153776051,1.4718727039205362,491.502522194877
2.2393831054103965,1.809629619383512,429.1786888021544
3.166565002753213,1.2770395655055218,528.4145203090469
1.2801304971005987,1.5766286146927366,224.21800880982704
0.9476959591155507,1.2489329044689819,126.22661453490815
2.461872263157856,1.1856951782608314,330.4403603099351
1.3514170670361225,1.1871985682253425,228.11756746159978
1.13196226275997,1.191410068321868,230.59989406639158
1.541615170868644,1.7833429970269454,440.67364877190664
3.86753650488566,1.4661214989774123,460.45277826981794
2.043995237282795,1.5241012314308606,262.0697587762958
0.6278200949441286,1.423106602151894,362.3930476059569
2.993398805329276,1.7492285565053989,136.6693537848504
0.819132221740787,1.5368343142583034,258.1308419649403
1.6017643404019388,1.175804610846831,112.29407587684437
2.2282580580234765,0.996325499116858,38.81030126601178
0.24274099950757666,1.1488319083553082,290.80222887612956
1.0710989646027291,1.2019203553418958,483.88261727217866
2.3795069452072415,1.7335655013779092,161.83113098775803
1.1645182104396994,1.74960582253094,373.2736072137603
1.7999619486294713,1.0642539995805222,305.193318749435
3.179282444143772,1.4782490960439973,238.046991386786
2.64701117999554,1.0401095192266772,524.3215782525326
1.713090866609796,1.1062498834059853,300.7343717172854
1.8939114903774437,1.5505220878048855,196.55391693404556
3.0785614810437334,1.5866412198029372,264.22848813401566
1.605573629585683,1.4403700075305352,265.8052076085954
1.3648405205914147,1.322323326915675,141.8260622830042
1.052115846108982,1.5110412439141703,355.3096897734415
1.8292592081841308,0.8430452489826563,383.37895316572457
2.273108348703155,1.2422723572405527,257.1762667153486
2.152582912705347,1.3607419794217899,234.47701597603978
1.1771118132161027,1.3342713176507905,287.69423920002606
1.5107967681069052,1.2383736611754677,321.55440530043074
1.254593945875775,1.5983264581417724,401.7518010662889
2.6850705741296528,1.0731332022733762,192.32815390591207
0.21230055158014238,1.4031456013022252,1.8363487596145092
3.576726516316919,1.7479405886508832,290.29861218949554
1.2310930297338412,1.1753180729872357,200.38602712880555
2.143284600821066,1.254179195577819,119.49626557130154
0.9334708378385741,1.1648492193007496,181.7096137365312
1.7858995206869928,1.205456321810566,227.5406541820413
2.0320138532116534,1.5847865242608603,319.2801294706515
1.8255315807425465,1.6364152130241092,432.289371576164
1.7141566957958927,1.6849987507984971,259.38428714650104
1.734179869909936,1.6471106550355692,204.6122772531417
2.4650642478256195,1.2480817119075647,438.47841991890226
4.147864980820035,1.3279452085041876,270.0964603091925
3.2078878346132242,1.6652615305823035,382.72567559791116
3.283639753329928,1.4326164955252256,345.9647159193098
2.5937005747787074,1.52732970345909,286.5722888808235
2.4057489056131183,1.0144454235869098,267.6430894543572
2.4884057397432815,1.4421656566795469,198.0721835863809
2.3789552796495292,1.0957519128031845,230.83755136900572
2.828742394722191,0.8370049142836195,342.3940683923986
1.0004164546935217,1.5737461648809439,283.66439394224005
1.268255408897712,1.4252911164494073,393.7048902601445
1.0121416989107423,1.382858191454795,404.16928866713636
1.3513515619221481,1.7282415770971418,194.95078554521052
1.9623920464437545,1.0471165391185306,96.69253704512101
2.3096919812651313,1.2294180028703174,261.1169665369468
3.1950461959594474,1.2016287172822633,336.06051623972485
1.8837013369213227,1.3806493783073894,280.8583767716541
1.6734384029414213,1.1798447974711166,395.53755646716354
3.0122320565156033,1.5088023576396392,367.07040303781605
1.9966986043150563,1.3904802013763513,287.91077725307923
2.9189241774111805,1.3648682120718465,602.8500645944522
2.2429522665277695,1.018701354994997,216.14810622634678
3.061840764947358,1.5952238620794446,37.23466559947673
1.267324674778786,1.3723473641929516,62.22686712250547
2.3578243941177695,1.4401924592972006,295.2487934559194
1.8920391014772702,1.779750455954834,548.8408087434333
2.1140658609114684,1.1854955329185939,334.7042063414614
1.8440834246108426,1.5514306321754134,354.67363931447693
2.820879565406385,1.1800838086910477,292.30367404955996
2.8582244761924898,1.3363999111648561,400.5283477377974
0.9767463602833093,1.083806556771974,274.27392690395965
1.2859430654490396,1.185780226466289,442.69728899718336
1.3233737905344887,1.5353968287590798,213.4392884049547
0.6649199883015191,1.4648638939688385,301.60673042018504
0.8536386577898762,1.3793741457051918,351.7425193129279
2.9203720729848754,1.6404161189115583,354.4728582651491
1.8824157080319042,1.7406517280572729,323.0775168499535
2.1201649358631784,1.296741157953976,448.44680813053253
1.9805313683400787,1.191364245866211,474.930161185672
0.7049890996378096,1.5426958856449382,355.0200356906615
1.9500234648630017,1.1829514877003662,117.95086930257287
1.026267680327011,1.1161777807697029,134.05980666158234
1.1364098666048044,1.346496825310376,272.5144399308116
3.289088068650064,1.2335202714356273,20.858577049058283
1.2728948017226802,2.133458565366084,134.80857507033522
0.7988318683440647,1.3273010565207322,137.92836773157063
2.027246824260423,1.599730348176137,282.99521350321874
2.653713742622792,0.9412524548695038,426.75062228726597
1.9620446270208016,1.5133902801945613,256.9705697699185
1.478101348055966,1.3009846584492581,381.68444568429516
1.2455082463398008,1.5282401292157455,450.6402537633677
3.3132948100349693,1.6209078435801298,193.24726314783774
2.051843964902269,1.0866773546128567,266.38678450791264
2.1325233674420274,1.5525192904682892,235.39745936167319
3.4626948239886524,1.4207112598872031,173.93928805796548
0.8484956597214168,1.477530265823101,304.17633243683997
1.2470007129919463,1.0763571749804155,200.0296855872624
1.894414463329984,1.4057393173206094,451.9034965990021
1.2858712558851786,1.1620204231815472,222.55143709585982
2.7726282335106176,1.6195764367254246,77.00223632580182
3.145620693803611,1.9035927067392708,544.0954911058261
2.967145419773515,1.5863764400965292,146.50255496852532
0.8672538554631042,1.5084304882729125,69.66564220192606
2.890949919625098,1.1651525539515921,27.801771487951783
3.683193597019656,0.8258644672867987,477.38151241341643
0.3914775064593303,1.6060849391768781,131.1554692310961
2.8139989139594026,0.7800049782435665,423.3618013647154
2.0893144951842517,1.2868914544691796,397.5917472988811
1.8832515690183562,1.401880503685761,329.8528510559876
1.842560982616525,1.0373121061693646,410.91938354430283
0.037141176870799875,1.4891633778446787,306.94002152432597
0.8305906924956565,1.5418944501308463,450.40516971731654
2.232306662578701,1.018042395110705,191.93709258833636
2.114737132538307,1.6690219869340983,300.92926675551934
1.0860610924252332,1.594512703505361,127.02957259528742
1.0752835625077144,1.3375343267711475,319.3500380208088
2.9392892202111693,1.029183014359593,348.9811287702719
2.828660982583382,1.1595427982599025,231.28077201838215
2.106160145431053,1.4350360007197367,281.2542856473025
0.9559658585822601,1.752731804293037,458.11649424936036
2.6349356728153692,1.4017954650858226,287.51771153547054
0.8724830288582541,1.3419332028071047,412.97743168925285
0.7846601816688659,1.6911210234356862,320.67583184387973
1.3185518294854983,1.8191850081847631,357.30680151645754
1.799629002138362,1.3671440605470728,358.24535966221976
1.2932192169408978,1.3914560601831276,161.26291516395963
1.5609930715940057,0.9834422430624217,-45.77108885655866
2.4354565257975516,1.5349771064098168,260.24720010699394
0.7784943747254944,1.0572457709909444,346.95063803389814
1.5005632073194073,1.6663451161314167,234.2412557919863
3.2226631080570165,1.0795821348270995,223.13200528227273
1.3373188129272098,1.8302182807299543,341.8194295291006
3.5007028649952647,1.2682740213865837,258.84730078527195
1.6051064792702452,1.1755853414952628,198.7517233402756
2.7797135970710576,1.4216280139208493,329.1168645504194
2.1430752463180105,1.5965972341755545,88.99019603179076
2.1960413561788954,1.2371768791565516,204.9845511891859
3.0679512977124146,1.6629272164823923,513.7573249361236
1.8173100477695447,1.4106674476880428,160.17056365129096
0.9756507580785292,1.4844303687189966,478.3271502099052
1.437985167067675,1.115900308189877,204.25648792992823
2.000072924418069,1.4569039377668114,42.42148986750826
1.599381116162774,1.185460347058714,245.78108290844847
2.7256907827757626,1.5571538839502541,154.49762427450898
1.9180753055355524,1.4041326867913733,416.8580182678484
3.4996363899610694,1.1217212706820234,396.8288018059178
1.431094584861929,1.592281840138879,206.19126775789053
3.0409916416129574,1.678587817588134,272.92926168181555
1.6919633906747333,1.5162376540931062,218.68433213015757
3.1994979664550645,1.385531604547931,108.92992151320482
1.9262668074895095,1.2083443990471006,108.69462779832767
0.8595490383130107,1.42065478075905,188.94067679918402
1.257655824295966,1.0913221498643233,232.72288609425982
1.5736250902257176,1.2105087875954907,-29.978225245298688
2.123514317563639,0.8308543365355422,339.7169305896218
1.7624352530050873,1.651826458063024,350.72426456525903
3.1827120379227125,1.3045844249492622,375.0014876685913
2.2510708114717284,1.5647948721390816,352.4223927973686
1.8064715130773439,1.8102442500991134,424.8285657285079
2.5278900443304937,1.3721714768269249,107.27203924668393
1.9376859617339266,1.8723835761277532,257.0774952824409
2.27217310162862,1.3431120782952037,343.7409697664865
1.8717378610691775,1.3664381287864549,391.14701511962056
1.9143582215402641,0.950346107419472,382.0477068217884
0.9330569271475198,1.6179020979874674,481.7507310804507
0.5048332721849551,1.146004046300385,418.2861105919359
1.976004728265802,1.5840764953289577,113.88458198029986
2.7708777358469727,1.2977678517386928,281.92781135220224
1.3779635243711923,1.6026748598376235,333.9575698049446
3.3424126737115825,1.3889900084819122,255.92319396890036
2.9832055298908364,1.900085108465471,251.70099113324932
1.239011267448584,1.676151616692128,404.47121712136163
1.4887619868990627,1.4229366682371725,294.99550636985157
1.8961886002820314,1.0059250439981184,285.3994392992046
3.074285249285991,1.542981263893401,403.20633848959903
2.3252148730987825,1.896992777021957,420.6480196408342
2.7017755888988093,1.2769831384571901,107.94547044527383
2.135211631679557,1.4328642582708282,92.34932674549808
2.5107287972416428,1.299704943528417,234.19472435238652
2.1509232869421204,1.9434886261635849,230.1795805494723
2.0395961717684945,1.4340767883935512,306.1953207331529
0.6691004379084384,0.908455651515886,282.05374861436536
2.1663998443214747,1.3057264298492408,377.75735165491096
1.8255625690041823,1.533196742278881,140.19551685265546
3.7031770806069026,1.4367177589135922,362.5966196419391
1.933339609609175,1.6162658991858725,338.33564017694835
-0.27832248955584404,1.0400112814160432,295.4634778103921
1.0273472902987097,1.4905601076764852,286.39320336599616
1.922165797620693,1.5836809186853509,151.38635466294204
3.3702300517164536,1.2473113219021617,498.9282912477032
2.0915089420115267,1.0247571901456278,351.8931098477249
2.1929015284962103,1.379919501453203,180.80150236014947
2.490192036202413,1.6491229108303973,134.63153301592135
1.595002714829851,1.511532438745677,237.38446114641866
2.4117855128655252,1.079825615639769,201.34191300509917
2.0441491279598347,1.5551706660200504,311.4579408323731
0.9618790750587534,1.349956098514196,117.4380620890835
1.8137097792818682,1.5112852835512558,309.01623713367604
1.1895974187880078,1.553516494501572,261.3547073438967
1.8642913338374762,1.4496457587525997,195.63574795386376
2.9072476297227547,1.2318036868262545,471.0537533791357
1.5799620510129855,1.5634668981909252,295.07940785441605
0.10903087727580107,1.5638606129494108,310.16890049210605
3.098378188580165,1.0628065175393613,124.70208038507016
3.53561456245035,1.5085333176941753,378.15161624051535
2.358329155946892,1.7697436216152935,338.3928385368306
0.8324181364240597,1.7150605554271896,372.5042419097988
2.5632225086214326,1.6942847822480886,474.45525151818174
2.6460044446588493,1.116847599454878,91.58489618842293
2.519956289204793,1.3608213312330766,413.7463754398456
2.435104082671044,1.228554786770102,351.0420514241143
0.6776160980331609,1.3799475692648537,267.75730666430894
2.6633217973784586,1.3314957323810577,153.33248660075682
3.433552923164472,1.584275131309367,341.7698296525448
1.6862684335935052,1.1789363483771225,195.3495027383231
2.1816826365824404,1.5399915394606023,262.84332561035706
1.994150007022761,1.4037884325777994,331.5318945747165
0.5687048024664572,0.6108710794100407,195.5284719598885
2.8384429072697595,1.287671252424299,318.2282667001978
0.5393237377727833,1.2565807174923953,330.1470781866624
3.475656409712081,1.4046740782400362,386.51772577511986
1.6043222936799058,1.639770788771889,374.1322044524633
2.623862326579083,1.7407619139417352,238.8497386179227
1.7280000299273282,1.1813647889809324,269.7337991114041
2.6432320559781965,1.2327336901735433,359.49530123572873
2.0959865735928416,1.5918797996447116,322.85508251754055
0.7482406714479126,1.1557476043118755,454.6464575589133
1.3432241178836724,1.4843195712535973,377.8479598556919
3.8818884554055177,1.3929545467956461,304.0796342112765
1.057863443451089,1.402976928192698,433.9911508550237
2.95807180657987,1.0572439177771868,465.46956584459843
1.9176005646701917,1.4309715579817326,287.8935171777003
2.634719854365284,1.7728841008143976,444.43523609125816
3.317524566320199,1.3799426692241648,356.06153585089305
1.2418310533760395,1.1900329729563133,231.61616991880146
1.7970289093030898,1.598809085337813,461.4519818675946
2.179057923219408,1.4978159521426602,252.5871617583709
1.5064489092908278,1.4081600842584514,373.28570287908275
1.922138302474719,1.5697731019228274,221.46297177055965
2.8123417315108075,1.665458197192332,221.6743094090455
1.9612232055124084,1.76334390628238,267.3830548984107
1.7551400522676956,0.8184518638166731,498.83344606618
2.2414867307911712,1.565889895415091,5.131075939774519
1.822687403993557,1.414803503412543,218.84650113071277
2.1818111394804856,1.525257527059775,124.99133932236097
1.5881116247391263,1.1611645448872512,349.1750196079677
0.897143657388271,1.4251579642199208,455.0671830356159
2.900842658614249,1.2354726556092968,169.45237945659804
2.0628787733879026,1.4039294994323224,325.40670649681084
3.190532541521798,1.8059002506128154,299.9743356502585
2.3065145287116313,1.448871962467732,285.642836263369
0.7480491898514234,1.474134023680345,52.333790837367076
3.5439848093830966,1.2314129079783211,394.19539930408604
0.7809479811011515,0.8927716645388689,245.80787579773914
1.4153208603092304,1.39186875379632,468.32427518980876
1.190999513599639,1.1789279983791217,314.074694060199
1.6546500275810856,1.6779073154557427,209.43688629321383
1.7523493117079887,1.4574302232720497,388.5580249546671
2.610960556703629,1.5608908482258015,444.4843176506628
1.7269088130105246,1.6811970967946517,230.17811871628666
1.0696619737366495,1.4336360132519521,169.28301486418053
1.6951984036654553,1.399979442108893,253.76490299962333
2.5468733722313797,1.477282129101915,246.87194774185537
0.7181375065289661,1.4251578031853502,94.31477502281808
3.806247020637186,1.1469696482381422,215.12613498317643
2.070043444569483,1.3311211793419946,384.4199283702445
3.844760419602147,1.3122557909787098,377.69721198179866
1.2998330277917305,1.1164854005481248,-39.413908727764635
2.0997185349523746,1.6999259538981855,333.8454763189108
1.5554035185410016,1.4813913274193993,433.6674096267071
1.554524595400867,0.9253368462374207,426.85992827745974
0.8851274885611355,0.8837690431056899,311.598869982564
2.2674393732766944,1.0942531411327685,198.79585004110066
1.4954103028190082,1.1355972354580393,259.770765690692
1.9345594281001144,1.4924922408426495,301.26619144567786
0.4147107253727562,1.154034875820988,88.82536726442055
2.289806757549884,1.6854303339820316,376.086597058855
1.5582797881213326,1.0019763095510639,189.00208436728389
2.911404663797044,1.2901185767293888,157.52043437125351
0.37197346409078813,1.0814299924040185,141.2897202867418
0.8367303232817167,1.511227702086517,474.7357933932941
0.8363657786672487,1.3884896588830788,303.8101957903714
2.5846703330286083,1.130142299233228,283.8758525648127
2.199106037339736,1.3071551816765439,322.46816245609426
2.1271211568122483,1.5778505945024768,441.7580342363226
2.1621737421093594,1.8746609023085845,159.7404032217443
3.415522771143074,1.169797619541339,337.18943874547665
2.0000803497194806,1.197683002745133,663.6752087241083
0.9522150866228882,1.6645925498202596,655.5195467402966
2.3442516256445454,1.8142621710648963,324.74496208733655
1.540084150582146,1.595707621416073,372.68337443591975
2.7367133316555132,1.2086311262877731,373.71555774456226
1.6216212828721321,1.6681673003124184,391.92600684313044
2.559600848655271,1.550900778647542,215.50486622227012
2.226881818938999,1.713608174723194,264.5986564522208
1.7467182982305585,1.6639066112905359,249.9893284507562
2.1677563335567305,1.5943762797408454,244.20523645439513
2.877927407119202,1.9148299930130128,386.8128112519761
1.746380865010075,1.0240705205538125,174.7795129562104
2.2669950508608103,0.937314456937133,130.53229794212348
2.8033044535907763,1.5026455040560498,401.9672326318034
1.5470811492957213,1.2472948169838418,55.761546790839475
2.796378650898026,1.5757615810668395,245.45229867018958
1.7786970752241484,1.3493174430929042,205.46014947848053
1.932652432903208,1.2755345883551379,456.5773524304748
0.7315511569103801,1.6058361970517707,422.383738332004
0.20115148448559328,1.2980234388424714,321.24750470937994
3.355684666686781,1.303103570121324,145.59912506906676
0.7883333552270348,1.16367899781211,239.4622795966391
1.7428130377884283,1.5299134409295558,228.948546377102
0.7957722251700825,1.5071228753634645,107.47468150062659
1.796866934113566,1.342254461516447,182.3494186738593
1.7642239617476334,1.3007392159281836,343.85493076912576
1.0923752624096452,1.1923369904420085,208.68015428641792
2.5304138348010237,1.1604446789696936,254.22967890464102
2.1743038548555496,0.38132876298636764,330.9104276840287
2.148213064353758,1.3190621796364954,442.7440319829863
1.1517495049049051,1.6315192129927958,389.7073974340021
2.231621564389845,1.298197273360234,232.83892640879185
1.807038174489509,1.13800229280295,486.1949350519475
2.7757312199021724,1.1751010914064428,263.51105963297863
2.386834841379498,1.1200782695407727,212.99278359141775
1.4697121162546036,1.2433602286289442,172.97164645083043
2.863216061035798,1.1205211913523203,269.714015795042
2.6203501376011515,1.4078407701240727,351.30787662648993
1.5967350717346198,1.511146874950682,372.9712159270521
2.402053622012822,1.1753233560703142,387.99754388852574
2.543786179998822,1.5990037002083,14.557566537512116
1.795072544850835,1.5182308174034012,308.4145052893454
0.4759302434058046,1.1028959907262208,249.38410961777765
1.5419835023451063,1.1821237796514399,287.9157966049259
1.992168313248834,0.9652413681727204,178.63863137402603
1.4074308984244266,1.6167482282594179,153.7125247363839
2.0956130198595893,2.023353247801188,267.9370360815202
2.143722560543189,1.6869970854436025,126.41889249360685
1.9663148422139887,1.5318374314328331,484.81156519968783
2.338599039394001,1.3219278812308621,282.4080802552084
3.322128609805524,1.2239111640857223,413.1973732378736
0.7760698697567547,1.1592207269757235,454.52569967627244
4.097322352366141,0.9162412586256135,333.4575010939885
1.9135548467711758,1.35271243089213,343.207915842733
1.2100755716710374,1.5139121715054196,9.04860159690395
0.8135555837990336,1.3105043580929332,413.6295689627651
0.12991929092753574,0.9515242714363985,301.85930707869744
1.972501638606423,1.3832576594689314,140.38623324356823
1.8936369408559413,1.5583207676153459,345.96487513937166
2.4280854905159233,1.3702441152111298,516.5280100200823
1.8589484907702096,1.3695644219209353,300.43672781167874
2.070180777622987,1.378805319839034,464.286893362019
3.433305117377615,1.833787708747284,462.2939063835058
0.2088156911686596,1.1279624626395752,324.58109310473776
1.298072373019796,1.4571318948157836,250.5245300944116
1.6699382199788075,1.6479591887889404,164.2132773861276
3.0529786129283814,1.5218290142651698,231.56926701676502
2.79633218068776,1.3223558141423342,239.65971254015312
2.0106819271941245,1.3162970995898908,431.13390189822985
1.1990254584978004,1.3819842268945928,346.91343252625495
1.9570343826291592,1.5815194990178323,253.41409721090392
2.9206283359081486,1.6486584180858888,366.4852343352933
2.2580348253546445,1.6016828389887472,506.58621205507706
2.1847891991005737,1.5003168614945306,291.663176781864
0.9368805637407451,1.5782275953991953,289.5661331115974
3.862770398375548,1.4193197236372765,83.96564867224967
2.463219746766393,1.2590541765814964,135.5048504769819
1.8379699491950656,1.505933263882094,241.87106629953325
2.3472761653811056,1.1743170730200778,235.15833459832254
1.8267783397132749,1.6878895702307788,137.47126803378646
1.0316406051373996,1.1137084217654958,233.09012712818816
1.518103014870849,1.4886693320259108,230.30998407074782
2.1244081405994817,1.9145686465516352,254.48959685607826
2.320490997835744,1.4797860157939324,222.3101391462621
2.3385485456138024,1.9538586799755795,550.0406891689087
1.4415001473693918,1.3906597536277046,355.8281140029678
1.6462551898509215,1.7662328036783512,338.6141015510633
2.156660480764794,1.2902515168759976,246.03927829331204
1.6854325061388788,1.5080451885014545,492.23172728862096
2.616514617628785,1.4646166152349056,365.0987136220569
1.2148695756617083,1.89346875351143,265.4534172717464
3.595378521671938,0.9392745726244485,458.09220527428226
2.4836922512251065,1.2609459320552423,273.0113024762826
1.3198686316218162,1.4908638084925192,225.39233408557425
3.408797177681392,1.139850297544291,144.30390572488474
4.02774757883923,1.3167989520855738,303.2656969754628
3.0794157020090984,1.316113619265526,460.8039699025538
3.414440665440962,1.799330411919338,283.34291269407373
1.3145799137414018,0.958121521372304,284.62614065269514
2.4154326960887387,1.4719133029496367,534.7473302313847
1.7716279757340776,1.4221239987746341,556.8495722274965
1.4312565974789346,1.2769356702129522,283.2202437798292
2.0282672489543008,1.4958874920938086,314.289927847843
1.1616382633246602,1.269220732618784,149.63827141401188
2.581112463896575,1.319817721635046,331.5590972591108
-0.2999886354762946,2.202232806139176,360.9276242522857
1.7990009422035247,1.9497089807331582,263.32325562406743
2.7822740482898336,1.8489565817300955,238.91172221121212
1.6620227769107383,1.6237711856742287,283.1950904607887
0.9893585507161458,1.4873768206583082,387.2057248427029
2.4482381873629686,1.3161361272044465,596.5265958259663
2.913312589108079,1.5264388503209028,380.46498776309784
1.929036599549546,1.2219091507688964,111.53211062404932
1.4567586225078988,1.4656150910163421,243.51013340722827
0.36225480435341106,1.6624204822414879,216.39263479142897
2.948324266135561,1.9083235558897316,532.958541796168
3.0605111172561443,1.8374566257337652,371.43539313594505
1.7634037217175322,1.1605524802519331,270.6834054285516
2.9438816069046925,1.7527947764424152,229.9114548067353
2.9590216400298033,0.8814776911449046,322.2188002292245
3.0803638689736523,1.3082125082786114,298.2202530946095
3.552366879831387,1.1732895353039319,432.93522728801724
1.3134506556564554,1.2696197178002093,185.68912039571342
3.480328318936035,1.1935314185722072,131.37285258785826
2.691468634788045,1.9582416091473251,106.83188103191551
2.9721763652340742,1.6729847407690086,356.1480736975038
2.330769116163573,1.5800593395585265,252.39327943136882
1.3904647448085048,1.5453035371083337,275.22072464134754
2.376295753741193,1.093143160090694,311.1921183353227
3.4341462350119,0.9791853088404459,357.58196488943133
1.9215658206713904,1.4907069197282807,522.5721817283338
2.108843728467592,1.4451071476358452,374.08110225104406
2.3105129543320633,1.4449747715974393,340.0762526708579
0.6835011088505121,1.8963866995331495,474.7648059552308
3.87226450878212,1.5157559491352153,271.06874366446226
1.9436947251827097,1.3222499601897715,243.7152257071453
2.45170987229917,1.9349527388418728,317.9113275053493
2.244947148825407,1.3068969543736808,115.97036091432739
1.8358216190753367,1.5952479610496888,92.16678308304341
1.3585895742260017,0.9338101748282228,329.1637853762393
1.6867813630806991,1.2393436515869949,331.41875305500224
1.7142579871330876,1.2231653214670746,272.5606173072023
2.546615465726552,1.1808035000977368,451.2284117452897
2.0370364921277626,1.3269498926952765,362.9636412154027
3.205299541017652,1.072985709218711,487.508656981407
1.72873505657436,1.3304990086356785,221.49531939606445
3.1862704345550776,1.3306935845292946,29.846797921298275
3.206694291109815,1.4164971546883542,360.9300621016215
2.414044660999573,1.7240526744033189,226.53797008789542
1.7309127293392028,1.1302360553611668,137.6568855594718
2.804149442527417,1.4447345106319887,230.10780470164963
2.020804623345509,1.3968297837582062,235.4701371848985
1.076969354383114,1.4518921488293361,33.69257976980566
3.90451961847277,1.4373775825582704,234.76265516320666
3.252012033103451,1.7066774145134407,75.26670548604685
1.0865224200134584,1.276967120502658,220.14690625954586
2.5621099096018245,0.804664477649194,203.3817845161998
1.5932357651478148,1.0738332466441345,231.57628526148244
1.4001152430555206,1.3095284312911866,350.710855055975
2.302536762779929,1.474332496535211,276.3429084620564
1.6691589460722092,1.66916654904762,318.65957768531365
1.841876135900489,0.9435247699835361,267.18140121904855
1.7858794002102667,1.1922986917983014,267.8292292655005
1.8246837191617875,1.791367702454387,391.93155880072425
1.4361470736515094,1.6449292802953082,329.73181026113554
1.9738500597397093,0.8464086152018786,249.79980485294442
2.155248897130005,1.0731442028804927,138.7861857830023
1.2470243715266935,1.003910674755176,309.0865435154799
1.0063626104232755,1.1766786610656548,102.83303723404364
2.7540861347184844,1.4498525728630625,375.8419252472836
1.3340198318529126,1.1503717152664938,289.02023239146405
1.8194856535404382,1.1490558231000905,87.46966070845602
2.027741898840344,1.5859947788801556,448.92742446999404
2.3834218183224873,1.6540207675326952,328.38572131034795
3.933089496596272,1.1703101214869585,316.14982927380424
2.3081568626803066,1.3964665971468624,20.54250313389366
3.1768811743661463,1.272992742718789,343.516367607715
1.765177624102256,1.7106102224363224,337.04466985945294
2.965863236400264,1.3225446324874548,306.19915600023404
2.909929295209672,1.0954261062394273,406.03492167458984
3.770513538442115,1.9353615953619583,351.16392737727335
2.5306854544754023,1.3048621484621195,241.49718395121636
0.6206940031926109,1.7285900492740178,362.10711114103754
3.065193348909595,1.2661230998010526,264.5494977780122
1.6463310879479425,1.903089853112264,481.8845047441447
1.2360153882215261,1.4636697017046916,170.23905238760744
2.6650168744811458,1.2817582729711328,136.98644606864414
1.560629663744843,1.840411120707167,253.66862607471822
2.5632596562911907,1.1012087596913989,478.05158808167636
3.3685538021564163,1.753090823615059,189.671485953881
2.9592078863498625,0.9194862824476738,311.6216190056639
1.5229506218768942,0.8366358965711123,179.66797387803706
0.796830702713015,1.102244666390943,284.9579405422289
1.773140166087436,1.2907634217651605,233.47230768900445
1.7166418326157313,1.704715752779061,101.68688709061266
2.5902101395132298,1.582099459544916,81.24929238764258
1.7328557735316328,1.4679803742648643,464.0349249943042
2.2911024269755362,1.496808769205108,103.33853517577847
2.3106195597412533,1.4152164366499138,497.1909532139588
2.207113555193187,1.3779236535553239,450.0399594193842
1.0723644204029132,1.4007340414230651,361.4511247675758
2.708830641313797,1.5679786751111793,169.17474888690631
2.634933011746976,1.4242106900230165,345.04272188591244
3.0376347025276917,1.4453956529621872,117.13385996433232
1.5939786142124661,1.1362125883528453,246.21870263450938
1.5328640838884435,1.4664023514180535,485.57453159051704
2.613972458532825,1.146941585480398,273.3520814004596
3.1499264601326074,1.2268867808564534,97.03019835276544
2.7957029526352746,1.5744480229426894,188.3880806836363
2.3549894434761813,1.6194810457689282,180.66657961455917
0.6751837559569591,1.264955664391534,278.93871577825064
2.03441956329886,1.2882372164865648,126.00116483986966
1.3534924088700377,1.6116238780941243,361.11381057044457
2.683600868437089,1.6927540447170744,186.89040475434155
2.1416985548266534,1.0948706820895764,371.731670849536
0.7983164020514186,1.3768064803044953,397.46998029295474
2.816407835264234,1.4825361497907217,377.1344374514217
2.1544746077643975,1.1620728778135043,183.81108929108305
2.8794192484762595,1.1247405558648964,218.2339638230771
1.8053263267252477,1.5561666426641154,371.27465495343523
2.5433537524059364,1.8231014284929807,365.67913323324785
2.1917952308622013,1.1932950528091717,327.87004803792104
2.490976243393371,1.6676779926121268,382.4049924840993
2.674569752379701,1.1186470170568046,281.8579741654975
2.6291246844434175,1.6120424049670397,257.55390257175964
3.22899125680076,1.1670284051521738,333.1881514872032
2.9481677265754165,1.1038150284381747,349.93445377162305
2.4731242973833303,1.7230329093762213,341.17160739406046
2.6121261737907355,1.3436465182118895,206.26209356722737
2.0573554037839887,1.4434150522417206,503.22519146750005
2.2996121030297223,1.2189732337260852,352.56023244304396
1.950651246721453,1.4246372876005244,368.2030811827735
1.741458935625678,1.942528697594128,496.6896949047134
3.0043630464761533,1.6607759308266492,273.16924262774677
1.749568695176854,1.4242923781126255,209.30400010652306
1.4159878335000928,1.3255834112694,339.3326942159551
1.0370238647723893,1.6050802147642689,174.8542915573673
2.7289038818658806,1.17395586914933,480.05717653171837
0.9778312291117051,1.1604700170719597,429.8952357820531
2.1396511113546115,1.189130001806058,272.3867526877666
2.2792981422985967,0.8323273842161443,296.0545756033439
1.796142984663919,1.265734443052592,425.33908470908517
2.1401752192491412,1.146553784522504,386.66707086135733
0.24889103082239505,1.2999347439866746,441.9723288169173
2.461968072333538,1.4489536179006528,414.4525196839443
4.228716748777883,1.6423693484749071,496.76921865940835
0.7815300482401135,1.5363270113438674,192.2931597721299
1.309298908784486,1.6366201656448034,211.33533880809068
2.1407140950639123,1.546445553289138,437.6079214239094
2.5338103846591626,1.3077696897436442,251.8772365978201
2.8100956346282766,1.5091181091388535,320.3945630025743
1.6342356720848419,1.2600947925709862,435.66773735567233
2.43764233881293,1.6862854094441047,270.9398591125686
3.4324306869126904,1.1694276479136216,263.5085202079464
4.02720013213714,1.3794277573109122,333.783225942125
2.2408792516851577,0.9260215734992647,387.9801585140867
1.9000932681964924,1.4339447282414246,258.73223403251626
3.3459202430393007,1.5188760935312529,213.8741268336844
2.455003219018366,1.666014051779729,278.0539081919037
2.3013468883134442,1.5163624822512465,186.47419633741697
2.5989936015823822,0.9636505811662984,144.8022696444352
2.5845952655109303,1.4990437208326195,186.51100394335438
2.7669874168550024,1.3944843046859081,514.0719661319827
0.8498247814496329,1.6301211458561857,225.82922129318825
2.828281292899695,0.9365965703732342,521.1464584946208
2.7201129666862807,1.8880011286806069,388.454508596869
2.082307845432033,1.2922454681974398,262.76687490209383
3.453677474685219,1.0140693393536133,554.0605642443757
1.2584302599774682,0.984096285230502,226.53334455454416
1.9287119895688103,1.0870783354805442,325.13632806272153
2.3501127533401114,1.4184590100045302,119.38202060358847
2.433576676444414,0.9785579595851936,356.73512870641053
2.691437663289464,1.3719840670767203,242.89297891223623
2.4092236321189917,1.1956434427289544,191.63341226044724
2.7937189698142806,0.9967146938657271,286.4078099944263
2.023527891466834,1.0495220489927273,99.1932208627035
2.953651323556753,1.083243205108749,402.79245455898115
1.8014819432669689,1.243212429197408,261.7347758347755
1.8271959309089523,1.7792647148807144,410.5626591746296
2.735657918290315,1.7948926747039282,302.98372603775994
2.7788663867406624,0.8628441349286853,310.32938833250665
3.28038716616674,1.100778196860285,492.0123287598476
1.8568685237929705,1.1852525044271407,139.95278283449028
2.5903133673527567,1.6360973651507131,368.29373666451824
2.4184048554666204,1.4216274402169198,210.12769121408826
1.11635664435659,1.0735004478055457,281.04193952909156
1.1855641073950607,1.6372923564095077,146.5921600015316
1.7915101045718422,1.071909728044592,226.9128820147827
2.134502014463575,1.3140905958181552,618.4136369452514
1.4328321313759673,1.3339178387235118,211.10533823956678
3.1995874888422975,1.1869279916827784,416.82750918666795
0.9481620662316155,1.4632991107447355,335.80986004977126
1.3204566402303637,1.7435750668190335,231.48290065561608
1.3084335961463294,1.1941966029322835,248.55303932049094
1.9896415963659,1.6857984401292425,123.68609979449985
2.417758231881602,0.9274471241364848,297.0278145518088
0.9126788218681292,1.4896546142286913,405.9361376493466
1.9604167378174067,1.3608859877149964,178.56159085838803
1.3070262724727701,1.1217979451304656,289.9649741661224
1.860873230564391,1.3534289077330972,262.9156639105073
1.4987926700168879,1.8471514162539249,233.19789028461366
0.47266407763416907,1.042606059086416,299.30125781683574
1.6305122424440102,1.3574678569099798,528.8167127179485
2.224310875200754,1.6620306918407013,176.0685320040127
1.2213476140310542,2.047543336239024,488.62170547566234
2.134384163740099,1.4268312335784286,286.12905063990746
2.7726387310814324,1.2761257806037887,195.92118174894975
1.3477390237543947,1.7847950515804352,387.3497434995936
1.7844649816406264,1.3793186480908566,414.56103582129214
2.5803191562450616,1.2806323630935452,463.267333521501
2.439041073417905,1.1813245943546455,244.8511598258775
0.7511984112931316,1.3457396743952381,322.196220058964
1.4068402165633116,1.5238485282729086,275.8928273263593
2.007557612010092,1.6068560633637592,340.32023922557204
0.7739081469151006,0.8420592946270292,260.26487679971683
1.8450387036462623,1.3353014832844607,89.71602894155993
2.715528985570688,1.8235167684988096,315.6007852108362
1.3650559690763198,1.2757758286343452,222.36512037598112
3.1707291759721485,1.2636899078923074,9.493944176199136
0.8196807381336177,1.4348512227206918,277.63099892853813
3.273073474352725,1.2939800895859224,263.3172343386889
1.3300448325314342,1.4786593061236575,404.81962659192334
1.5124650782772247,1.4735710693832185,201.883445703878
1.5510469072410398,1.3361850883455315,545.355648141351
2.017960863737745,1.3565137370035842,397.4687222388907
1.701384773237311,1.6975137346909246,633.1958429754156
1.9100898682372038,1.1343032303668212,378.3368418838677
1.2187942681518056,1.438187810985909,511.20340331951945
2.4567485949113013,1.457310749400866,414.6980361020579
2.4958819430551564,1.2128804949287906,287.2966305466421
0.6757941815231912,1.2271673753693622,322.91439097804323
3.415156219673869,1.4121246653125605,287.99510409706375
0.13051734358572364,1.5271253283922543,229.15982583591858
2.178969197098089,1.1721601907608343,365.12584061513246
2.8028781300108063,1.8488070492134625,434.9582228586882
2.671973629260922,1.512153573114941,396.15522352665766
2.3922080810347333,1.7515543837787972,229.61469697723075
3.156487456174277,1.2866435150437492,389.31891205408954
1.4875991758667693,0.9563926147270234,396.07603800993724
1.7806922501833944,1.7049019441592375,178.41321199014754
0.30987677837099303,1.705145728373731,265.94179446042017
1.9156894545659617,1.351851631098196,262.3065909265099
1.795341429189948,1.7213899333739677,255.9329170997657
2.796107101030497,2.035919180058235,441.4709929392782
3.177776933238988,1.44912661625869,439.710089157589
2.1905845378116036,1.9430005782583777,248.6144085472349
2.1229537038236344,1.390781114231121,76.75563934307246
2.028380381591404,1.0699380377285674,393.31522860565826
2.617068502328155,1.4106384052810108,451.2888391386854
3.3312093857840317,1.6693246169710272,71.2407584736103
1.2496521512168552,1.4013861358681179,338.57096612583416
1.7642339993818394,1.591009601174901,424.6614893303207
1.6318370360206773,1.0645340844357551,156.8116221101193
1.6533369183587139,1.668025131163324,125.66598212770754
1.4592562118136438,1.798310253276371,427.1807472962896
2.23383948219123,1.0235349207850586,279.23491670121416
3.3613842468542465,1.3939749398741481,360.19082784967736
2.5276041117095263,1.277065052299172,324.4191275049637
0.640165052852188,1.7667002328652572,352.9351072531971
0.46371687241083004,1.3410371523168267,343.8757943292117
2.8484775681319525,1.248949958804613,359.7660800321943
1.1405084081215509,1.3991163174977566,254.72948033961893
2.0302593561037097,1.408419460119741,435.99396002180197
2.31513520150775,1.4405505586932128,249.0782405214782
1.6631427704312616,1.697439083111406,333.64722784008416
3.4673100745310124,1.6933851106333504,85.20074950817462
2.2959655206385694,1.7226591462010736,419.1959629443032
1.610939863727475,1.7393759627562333,219.4401148827484
2.8820470580028434,1.3381655675216098,209.4705164182929
2.707399872915704,1.1311846707586297,377.6655242259362
1.6877786741882006,1.1848084281321074,304.9428303020533
2.1077822919354383,1.3534915931442746,213.94293788164387
2.383852474650362,1.5917733464249653,233.50085957808164
2.974514347755375,1.5438495468208429,77.41873051737062
2.220730717112769,1.34470912873929,250.0001848855017
1.6775213425092175,1.23950603818556,260.4109584888621
2.1862048279489796,1.371092337305877,348.0613125362414
0.09641014789551616,1.458683978688234,181.83437924059774
1.0495309131926507,0.9278234503851363,312.0907182560036
2.7589712340578076,1.2611043916419584,438.5656402829341
0.6660777420327961,1.3301927476109803,143.00076019928514
1.5071242045882567,1.3458089545318956,268.53360429861004
2.5607103791657284,1.6422382968878326,265.7784785970318
1.209083905796835,1.1210146206516511,188.10901754433766
2.5644940170724126,1.3167099252217367,553.2132005886369
2.151339329017441,1.5501331504278069,48.70488160845426
0.8583887138737027,0.9964639747917943,523.006795598927
2.182367306466035,1.433411785359054,186.8986018570917
3.1706824733674557,1.5899361633059619,277.7827996066229
0.5946130932011633,0.7345257269887333,184.55734869103952
1.8891453791638875,1.040774500898685,186.3897031721624
3.3729957372928854,0.717778534407678,218.09116965177873
1.6141450112913391,1.3632061053783475,229.76288864911334
0.5486503705504555,1.2785569280562952,180.84879322440787
2.1594134373115996,1.1175009994415679,496.1603064787174
1.9922647658779453,1.281700029753079,272.60239635354463
1.592555906117042,1.068128896906739,261.43757200307596
1.3952162230112641,1.743652908714768,370.01857617403766
2.1353550298662545,1.7556803605581461,144.40571499072578
2.8018804046894923,0.6677095961702164,323.0163103899554
2.314063055530689,1.666108184277169,244.31378978896305
2.543161613155458,1.144125012903735,301.8271811402785
2.674723184376777,1.021107545904583,328.6860807834623
1.8543905739277635,1.257744719607494,345.28422174683396
1.6504379490334238,1.4234201616687707,451.7503304969443
1.3938613498646486,1.7113657775395958,213.3489455130969
2.3594667918494743,1.1773583162502148,536.9135508686372
1.7970274721395465,1.188941157627402,222.94621741981697
1.255892665949565,1.3881322985549212,287.19409773064086
2.129340503108832,1.429817847847236,281.92661940355606
1.4937567168433534,1.432626878299919,291.54004553587197
0.6371727035278059,1.2739565476504435,254.5679809528298
2.102866698327563,1.1327518496484508,165.72985209971293
1.7224340151607642,1.3832540464358711,321.2706594253018
0.5517527281975421,1.5238777227534206,280.86383768078593
1.4646233748692088,1.1322704343227337,149.8719169317175
3.339331326024401,1.3138913381479593,454.0460006539543
2.5718999773471696,1.7316606466500049,455.86569926949846
2.2463617524500012,0.7251043313710154,9.362008699389833
2.3310784566996214,1.3513224011038885,289.8810699842977
1.5617709467461844,1.5223845849512025,180.21848363462203
0.896308816667887,2.062321188426787,254.14385903578474
1.0782719233846048,1.4369337490676437,248.06893210242455
2.06957793833661,1.7181359915839685,229.93608988631235
2.555482425688269,1.1291490519730272,238.3719532598537
1.9719266905810424,1.2311223689440083,172.2627641401558
1.4872425044788047,1.5300548157073377,268.9317657008542
2.1931897032215293,1.6649568496525926,255.61974632311575
1.4879081934588076,1.2245298361443833,202.56795901235452
0.9051646463242551,1.3951204348141708,274.89613787059784
1.8657384147289002,1.371604826438302,283.12573146691267
1.1176590395155908,1.1609102689162911,236.1339643067661
2.62386269538171,0.9947735782196621,589.5665088472056
3.610864029146275,1.403042650285215,347.04824797116726
2.500872092660441,1.275287563632015,297.17003303457886
2.446513943319538,1.1730417864340725,197.23493113019865
2.138296590024613,1.188158489033098,165.59690035910398
3.153371191770217,1.539884459777097,231.90075096032405
1.5863881078945665,1.4348294142352929,215.40125443840773
3.4972307043021154,1.6426313995546873,344.5662731500352
2.362409245068857,1.1250363991488246,339.8904448722745
1.4111590271998744,0.9843066086873598,206.1451357770535
2.273054945407809,1.3646975379839374,288.80845558602635
1.9793502654356399,1.2111077592524755,222.65251428558008
0.9604007921078455,0.7501451184619946,379.81423547062127
2.4170037131996747,1.4653685088558184,182.35381582258492
1.694350638840055,1.6886131714240007,308.2253651934993
3.8547610964763206,1.6206718776933595,277.0987835244428
2.228621812780272,1.1504246499653337,393.32264132067604
2.1184128261018462,1.1773425080689652,251.33670311201055
1.4636753899353836,1.1947100826441255,282.6560036814252
1.424692359291552,1.2127980879598939,419.61626463492587
2.847528934805807,1.0756061227890967,331.7776558479866
2.4705626437957484,1.1624241822838328,541.1429261010337
0.16772840684877854,1.3003109928616132,283.8935997368562
2.5641338321183165,1.6704957305937642,223.76789842571856
2.517001456933221,1.094031081090216,146.75177660762253
0.9812434569426274,1.2047395555229217,144.61289967490205
2.4732501490815375,0.8507742780446074,301.2673622430809
1.5291517124491099,1.4799198563325189,158.41179592530835
2.8071478518791846,1.3542039786771563,287.6376349237539
2.86673760984522,1.4993630859089249,273.04097084735076
2.6670917304893584,1.0658858693894908,331.9085935461359
0.8246277072191466,1.3080350283878752,187.0958164465398
2.778524725890978,1.1906128222978718,273.8444649850019
1.2886616010834664,1.578847281545901,520.0938763617123
2.6712599446715943,1.2828123011375012,390.73350942790336
2.6876557843188498,1.6813136142052927,331.53772219409035
1.9460707818350622,1.3863570501794444,634.5164816217401
2.39037503144656,1.3173205624786084,462.50126547139246
2.2424658126556434,1.6277892516623458,144.22731671111637
1.5613878499840708,1.4239207192157746,115.22257071196378
1.6140411577412621,1.4764604882299777,435.3683829802658
1.3773474369979215,1.3885547352771697,486.8635920300428
2.650684826169827,0.9322993902527202,249.58919851674153
3.036954273189165,1.6091251234599149,208.62538866261073
2.573787410573481,1.18126643294799,94.84290115777023
0.9812476230345599,1.247846655960718,376.4760676024973
2.0484265249456763,1.2208380366765965,293.9571160457337
2.119399062177602,1.1990494489308674,361.043539525989
2.0426305799541753,1.8483368863428802,548.9566261251374
3.74742934345573,0.9304027448300658,451.84139458174513
2.3512240743472517,1.0093055904519925,519.7900469727648
1.6913367860815027,1.5359041053381208,165.0906187761551
4.2946210741778925,1.0852060346992007,229.24425484834464
2.3730180361565134,0.9661375065435494,209.5273323380494
3.5628285278881315,1.5344180274581338,439.57295130134327
2.670708694620842,2.034977321029497,115.88359304337206
3.0108510810815585,1.4226108974587408,286.2184752838311
2.700588437804079,1.289839952825274,225.8579066685079
1.6350541860002004,1.307412086609612,-4.714351704365981
1.4474421789723873,1.2079682981394617,271.46256298131584
3.3771000413428367,1.4769263541875086,141.43075739687222
2.6780654663718524,1.5962933350218165,409.4192737178088
2.3769963749937406,1.2842214479824656,295.8194798294701
2.126785021198985,1.1880428174318582,265.36142676321845
2.0756997975164073,1.0656576203966313,333.88179202514414
2.271171355045359,1.380761187884067,243.3417336493601
1.8002188085586848,1.5423485484034596,488.90524066708895
2.0700796430730253,1.4691368466828338,314.5472126895447
3.565709962244621,1.456216082050921,371.98861996056655
2.532723316990079,1.4836659057101347,370.7823784787454
1.9039706708368154,1.4983092116897876,178.48546388040265
1.3830028862922457,1.3524203091104285,201.31876860754525
3.4633235141327106,1.1656166192403725,386.9488798841573
-0.2900231517891938,1.5543849334251834,370.0310189290989
2.628185296649426,1.4076738785723149,379.7912232843522
1.0137019178725704,1.4624104391204773,192.63897740686116
2.052266952272632,1.2234247746662006,319.92772728849667
1.6592197099090766,1.5619171044496991,355.94040720607484
0.39835438783461163,1.2342146222855963,286.2837649567271
1.2118257559513483,1.2815756977258166,313.24251211435944
1.1855304141497616,1.5219448020203041,368.83848966074106
1.6794886773834303,1.208536792088421,406.80438329396543
0.9388496722480633,1.2478216580333965,262.12617671615976
2.459351215142683,1.56540650915037,306.0848169167357
1.7059711436899168,1.3340450732663693,209.74230537871904
2.082584218382295,1.203215047573896,203.17557864139525
2.397479030545551,1.403475322287396,163.55589849815078
1.2717384916746004,1.2888509355715103,413.3500516174237
1.422656329355465,1.2602855234295707,219.1207348296126
0.939769130007809,1.2587466166554642,422.7856528165727
1.5291417363191346,1.1757724879748994,408.12872303750896
1.2146359383262744,1.0686806483728566,68.73837578960902
2.379236552257788,1.3756089736859742,126.1988153333458
2.809634463828247,1.7369386886251972,355.785236332866
3.209316946116611,1.6319919950870794,327.451048092615
0.2666863087835347,1.669534119356702,323.59653609194817
1.2251901395983946,1.0764511567412833,448.7556089317667
0.8807410780295253,1.6466907552974797,95.11769293636272
2.304834070756473,1.613259068246395,232.19868225662952
1.6179008755595672,1.7136413392515464,392.64383114114776
3.074471347215848,1.6775092682024586,239.7585905396759
0.20288897465169886,1.048219262874451,403.92551943407216
1.6197756772531458,1.3720580183316096,184.87144531131224
3.9965220625675775,1.1447788500391576,364.5117449217533
2.8280303206007136,1.2839559170939694,165.67782276364915
2.7184971614219338,1.6083125843441048,111.32782909830271
1.3500425482319431,1.0930036410590591,315.65314218271527
1.8752448645873205,1.1970422814761146,391.908898675494
1.1785285080907333,1.3115944635924688,259.8618126962988
1.5483000487828442,1.385881255761634,431.9733299757015
2.3264677911680867,1.888526768377174,274.2850106454041
4.078195023708494,1.6349374248701751,325.98257473270104
1.6339345845296576,1.0152370225539755,620.769942852887
0.36705176376936866,1.4084332516273201,106.57318405303641
1.6138927666755567,0.9995885561531288,391.4546815316032
3.3639116100565936,1.5516032625889675,203.2606835210068
2.1372558036668403,1.2510580337545698,325.3708368861549
2.1429336439399864,1.7166469103021573,387.35296696047544
1.6982040549817135,1.1565986838903646,312.35557595076045
1.6748293176540678,1.4621704397577577,489.255937396689
1.320849081115729,1.3671398022358203,280.57060499448806
1.3011520497957694,1.402047073120166,681.4908683353674
2.6021541321325863,1.817533247359174,307.1538821368142
2.0658961201297292,1.483168582378125,411.15635496879605
2.3837256635241704,1.3820587269616305,232.0976589481756
2.48667949874483,1.7633413517687528,202.15098699149155
1.8286890053449796,1.8316902989703474,280.5673570050231
1.6851960112974067,1.4193412613370329,316.2365009369877
1.0331973359619235,1.6722110662120415,416.1339181442813
